file_path,file_name,status,row_count,column_count,columns,pr_number_columns,contains_pr_number,duplicate_row_count,file_size_bytes
C:\Users\sabih\OneDrive\Desktop\Courseworks\AI GitHub PR Intelligence\data\cache\quarterly_pr_population_checkpoint.csv,quarterly_pr_population_checkpoint.csv,loaded,15,7,"['year', 'quarter', 'period', 'start_date', 'end_date', 'merged_available', 'unmerged_available']",[],False,0.0,752
C:\Users\sabih\OneDrive\Desktop\Courseworks\AI GitHub PR Intelligence\data\cache\time_matched_quarterly_availability.csv,time_matched_quarterly_availability.csv,loaded,34,7,"['year', 'quarter', 'period', 'start_date', 'end_date', 'merged_available', 'unmerged_available']",[],False,0.0,1599
C:\Users\sabih\OneDrive\Desktop\Courseworks\AI GitHub PR Intelligence\data\cache\time_matched_selected_population_checkpoint.csv,time_matched_selected_population_checkpoint.csv,loaded,600,8,"['repository', 'pr_number', 'expected_outcome', 'period', 'period_start_date', 'period_end_date', 'created_at', 'html_url']",['pr_number'],True,0.0,76900
C:\Users\sabih\OneDrive\Desktop\Courseworks\AI GitHub PR Intelligence\data\evaluation\corrected_600_data_quality_checks.csv,corrected_600_data_quality_checks.csv,loaded,8,2,"['Data Quality Check', 'Result']",[],False,0.0,204
C:\Users\sabih\OneDrive\Desktop\Courseworks\AI GitHub PR Intelligence\data\evaluation\corrected_600_extreme_prs.csv,corrected_600_extreme_prs.csv,loaded,25,13,"['pr_number', 'title', 'actual_outcome', 'period', 'additions', 'deletions', 'total_changes', 'changed_files', 'commit_count', 'test_files_changed', 'resolution_hours', 'iqr_outlier_feature_count', 'html_url']",['pr_number'],True,0.0,3696
C:\Users\sabih\OneDrive\Desktop\Courseworks\AI GitHub PR Intelligence\data\evaluation\corrected_600_iqr_outlier_summary.csv,corrected_600_iqr_outlier_summary.csv,loaded,19,15,"['feature', 'record_count', 'minimum', 'q1', 'median', 'q3', 'maximum', 'iqr', 'lower_limit', 'upper_limit', 'lower_outliers', 'upper_outliers', 'total_outliers', 'outlier_percentage', 'skewness']",[],False,0.0,1994
C:\Users\sabih\OneDrive\Desktop\Courseworks\AI GitHub PR Intelligence\data\evaluation\corrected_600_missing_value_report.csv,corrected_600_missing_value_report.csv,loaded,49,3,"['feature', 'missing_values', 'missing_percentage']",[],False,0.0,1133
C:\Users\sabih\OneDrive\Desktop\Courseworks\AI GitHub PR Intelligence\data\evaluation\corrected_600_percentile_summary.csv,corrected_600_percentile_summary.csv,loaded,19,4,"['feature', 'percentile_99', 'maximum', 'records_above_99th_percentile']",[],False,0.0,856
C:\Users\sabih\OneDrive\Desktop\Courseworks\AI GitHub PR Intelligence\data\evaluation\corrected_600_quarterly_outcome_summary.csv,corrected_600_quarterly_outcome_summary.csv,loaded,34,3,"['period', 'Closed without merge', 'Merged']",[],False,0.0,504
C:\Users\sabih\OneDrive\Desktop\Courseworks\AI GitHub PR Intelligence\data\evaluation\corrected_600_skewness_summary.csv,corrected_600_skewness_summary.csv,loaded,19,5,"['feature', 'skewness', 'outlier_percentage', 'absolute_skewness', 'skewness_category']",[],False,0.0,1297
C:\Users\sabih\OneDrive\Desktop\Courseworks\AI GitHub PR Intelligence\data\evaluation\corrected_600_skewness_transformation_comparison.csv,corrected_600_skewness_transformation_comparison.csv,loaded,7,5,"['original_feature', 'original_skewness', 'transformed_feature', 'transformed_skewness', 'absolute_skewness_reduction']",[],False,0.0,466
C:\Users\sabih\OneDrive\Desktop\Courseworks\AI GitHub PR Intelligence\data\evaluation\corrected_model1_leakage_check.csv,corrected_model1_leakage_check.csv,loaded,11,4,"['feature', 'exists_in_dataset', 'included_in_strict_features', 'included_in_snapshot_features']",[],False,0.0,450
C:\Users\sabih\OneDrive\Desktop\Courseworks\AI GitHub PR Intelligence\data\evaluation\corrected_model1_snapshot_features.csv,corrected_model1_snapshot_features.csv,loaded,30,1,['feature'],[],False,0.0,630
C:\Users\sabih\OneDrive\Desktop\Courseworks\AI GitHub PR Intelligence\data\evaluation\corrected_model1_strict_early_features.csv,corrected_model1_strict_early_features.csv,loaded,14,1,['feature'],[],False,0.0,268
C:\Users\sabih\OneDrive\Desktop\Courseworks\AI GitHub PR Intelligence\data\evaluation\corrected_model1_time_based_split_assignments.csv,corrected_model1_time_based_split_assignments.csv,loaded,600,6,"['pr_number', 'created_at', 'period', 'merge_target', 'outcome_label', 'split']",['pr_number'],True,0.0,38926
C:\Users\sabih\OneDrive\Desktop\Courseworks\AI GitHub PR Intelligence\data\evaluation\feature_timing_and_leakage_audit.csv,feature_timing_and_leakage_audit.csv,loaded,60,2,"['timing_group', 'feature_name']",[],False,0.0,2540
C:\Users\sabih\OneDrive\Desktop\Courseworks\AI GitHub PR Intelligence\data\evaluation\merge_outcome_extreme_prs.csv,merge_outcome_extreme_prs.csv,loaded,20,13,"['pr_number', 'title', 'was_merged', 'additions', 'deletions', 'total_changes', 'changed_files', 'commit_count', 'review_count', 'issue_comment_count', 'resolution_hours', 'iqr_outlier_feature_count', 'html_url']",['pr_number'],True,0.0,2791
C:\Users\sabih\OneDrive\Desktop\Courseworks\AI GitHub PR Intelligence\data\evaluation\merge_outcome_iqr_outlier_summary.csv,merge_outcome_iqr_outlier_summary.csv,loaded,17,15,"['feature', 'record_count', 'minimum', 'q1', 'median', 'q3', 'maximum', 'iqr', 'lower_limit', 'upper_limit', 'lower_outliers', 'upper_outliers', 'total_outliers', 'outlier_percentage', 'skewness']",[],False,0.0,1803
C:\Users\sabih\OneDrive\Desktop\Courseworks\AI GitHub PR Intelligence\data\evaluation\merge_outcome_missing_value_report.csv,merge_outcome_missing_value_report.csv,loaded,69,3,"['feature', 'missing_values', 'missing_percentage']",[],False,0.0,1662
C:\Users\sabih\OneDrive\Desktop\Courseworks\AI GitHub PR Intelligence\data\evaluation\merge_outcome_numeric_comparison.csv,merge_outcome_numeric_comparison.csv,loaded,19,4,"['Unnamed: 0', 'Closed without merge', 'Merged', 'Merged minus Closed']",[],False,0.0,965
C:\Users\sabih\OneDrive\Desktop\Courseworks\AI GitHub PR Intelligence\data\evaluation\merge_outcome_outlier_treatment_decisions.csv,merge_outcome_outlier_treatment_decisions.csv,loaded,12,5,"['feature', 'feature_type', 'iqr_usefulness', 'recommended_treatment', 'reason']",[],False,0.0,1692
C:\Users\sabih\OneDrive\Desktop\Courseworks\AI GitHub PR Intelligence\data\evaluation\merge_outcome_percentile_summary.csv,merge_outcome_percentile_summary.csv,loaded,17,3,"['feature', 'percentile_99', 'records_above_99th_percentile']",[],False,0.0,664
C:\Users\sabih\OneDrive\Desktop\Courseworks\AI GitHub PR Intelligence\data\evaluation\merge_outcome_skewness_comparison.csv,merge_outcome_skewness_comparison.csv,loaded,6,5,"['original_feature', 'original_skewness', 'transformed_feature', 'transformed_skewness', 'absolute_skewness_reduction']",[],False,0.0,406
C:\Users\sabih\OneDrive\Desktop\Courseworks\AI GitHub PR Intelligence\data\evaluation\model1_all_validation_model_comparison.csv,model1_all_validation_model_comparison.csv,loaded,4,13,"['feature_set', 'model', 'threshold', 'accuracy', 'precision', 'recall', 'f1_score', 'roc_auc', 'accuracy_percentage', 'precision_percentage', 'recall_percentage', 'f1_score_percentage', 'roc_auc_percentage']",[],False,0.0,822
C:\Users\sabih\OneDrive\Desktop\Courseworks\AI GitHub PR Intelligence\data\evaluation\model1_final_test_metrics.csv,model1_final_test_metrics.csv,loaded,2,13,"['feature_set', 'model', 'threshold', 'accuracy', 'precision', 'recall', 'f1_score', 'roc_auc', 'accuracy_percentage', 'precision_percentage', 'recall_percentage', 'f1_score_percentage', 'roc_auc_percentage']",[],False,0.0,489
C:\Users\sabih\OneDrive\Desktop\Courseworks\AI GitHub PR Intelligence\data\evaluation\model1_snapshot_benchmark_features.csv,model1_snapshot_benchmark_features.csv,loaded,28,1,['feature'],[],False,0.0,590
C:\Users\sabih\OneDrive\Desktop\Courseworks\AI GitHub PR Intelligence\data\evaluation\model1_strict_early_features.csv,model1_strict_early_features.csv,loaded,12,1,['feature'],[],False,0.0,228
C:\Users\sabih\OneDrive\Desktop\Courseworks\AI GitHub PR Intelligence\data\evaluation\pallets_flask_pr_pilot_failures.csv,pallets_flask_pr_pilot_failures.csv,empty,0,0,[],[],False,0.0,2
C:\Users\sabih\OneDrive\Desktop\Courseworks\AI GitHub PR Intelligence\data\evaluation\snapshot_logistic_threshold_analysis.csv,snapshot_logistic_threshold_analysis.csv,loaded,13,5,"['threshold', 'accuracy', 'precision', 'recall', 'f1_score']",[],False,0.0,1071
C:\Users\sabih\OneDrive\Desktop\Courseworks\AI GitHub PR Intelligence\data\evaluation\snapshot_random_forest_metrics.csv,snapshot_random_forest_metrics.csv,loaded,2,6,"['dataset', 'accuracy', 'precision', 'recall', 'f1_score', 'roc_auc']",[],False,0.0,262
C:\Users\sabih\OneDrive\Desktop\Courseworks\AI GitHub PR Intelligence\data\evaluation\snapshot_random_forest_threshold_analysis.csv,snapshot_random_forest_threshold_analysis.csv,loaded,13,5,"['threshold', 'accuracy', 'precision', 'recall', 'f1_score']",[],False,0.0,1085
C:\Users\sabih\OneDrive\Desktop\Courseworks\AI GitHub PR Intelligence\data\evaluation\strict_logistic_threshold_analysis.csv,strict_logistic_threshold_analysis.csv,loaded,13,5,"['threshold', 'accuracy', 'precision', 'recall', 'f1_score']",[],False,0.0,1072
C:\Users\sabih\OneDrive\Desktop\Courseworks\AI GitHub PR Intelligence\data\evaluation\strict_logistic_validation_metrics.csv,strict_logistic_validation_metrics.csv,loaded,5,3,"['metric', 'score', 'score_percentage']",[],False,0.0,203
C:\Users\sabih\OneDrive\Desktop\Courseworks\AI GitHub PR Intelligence\data\evaluation\strict_logistic_validation_predictions.csv,strict_logistic_validation_predictions.csv,loaded,84,8,"['pr_number', 'created_at', 'period', 'merge_target', 'outcome_label', 'merge_probability', 'predicted_target_default', 'predicted_target_selected_threshold']",['pr_number'],True,0.0,6811
C:\Users\sabih\OneDrive\Desktop\Courseworks\AI GitHub PR Intelligence\data\evaluation\strict_model_high_confidence_errors.csv,strict_model_high_confidence_errors.csv,loaded,1,12,"['pr_number', 'title', 'created_at', 'period', 'merge_target', 'outcome_label', 'html_url', 'merge_probability', 'predicted_target', 'predicted_outcome', 'prediction_correct', 'prediction_confidence']",['pr_number'],True,0.0,419
C:\Users\sabih\OneDrive\Desktop\Courseworks\AI GitHub PR Intelligence\data\evaluation\strict_model_test_classification_report.csv,strict_model_test_classification_report.csv,loaded,5,5,"['Unnamed: 0', 'precision', 'recall', 'f1-score', 'support']",[],False,0.0,425
C:\Users\sabih\OneDrive\Desktop\Courseworks\AI GitHub PR Intelligence\data\evaluation\strict_model_test_confusion_matrix.csv,strict_model_test_confusion_matrix.csv,loaded,2,3,"['Unnamed: 0', 'Predicted Unmerged', 'Predicted Merged']",[],False,0.0,80
C:\Users\sabih\OneDrive\Desktop\Courseworks\AI GitHub PR Intelligence\data\evaluation\strict_model_test_errors.csv,strict_model_test_errors.csv,loaded,2,11,"['pr_number', 'title', 'created_at', 'period', 'merge_target', 'outcome_label', 'html_url', 'merge_probability', 'predicted_target', 'predicted_outcome', 'prediction_correct']",['pr_number'],True,0.0,562
C:\Users\sabih\OneDrive\Desktop\Courseworks\AI GitHub PR Intelligence\data\evaluation\strict_model_test_predictions.csv,strict_model_test_predictions.csv,loaded,76,12,"['pr_number', 'title', 'created_at', 'period', 'merge_target', 'outcome_label', 'html_url', 'merge_probability', 'predicted_target', 'predicted_outcome', 'prediction_correct', 'prediction_confidence']",['pr_number'],True,0.0,15394
C:\Users\sabih\OneDrive\Desktop\Courseworks\AI GitHub PR Intelligence\data\evaluation\strict_model_validation_comparison.csv,strict_model_validation_comparison.csv,loaded,2,12,"['model', 'threshold', 'accuracy', 'precision', 'recall', 'f1_score', 'roc_auc', 'accuracy_percentage', 'precision_percentage', 'recall_percentage', 'f1_score_percentage', 'roc_auc_percentage']",[],False,0.0,451
C:\Users\sabih\OneDrive\Desktop\Courseworks\AI GitHub PR Intelligence\data\evaluation\strict_random_forest_metrics.csv,strict_random_forest_metrics.csv,loaded,2,11,"['dataset', 'accuracy', 'precision', 'recall', 'f1_score', 'roc_auc', 'accuracy_percentage', 'precision_percentage', 'recall_percentage', 'f1_score_percentage', 'roc_auc_percentage']",[],False,0.0,420
C:\Users\sabih\OneDrive\Desktop\Courseworks\AI GitHub PR Intelligence\data\evaluation\strict_random_forest_threshold_analysis.csv,strict_random_forest_threshold_analysis.csv,loaded,13,5,"['threshold', 'accuracy', 'precision', 'recall', 'f1_score']",[],False,0.0,1071
C:\Users\sabih\OneDrive\Desktop\Courseworks\AI GitHub PR Intelligence\data\evaluation\strict_random_forest_validation_predictions.csv,strict_random_forest_validation_predictions.csv,loaded,84,8,"['pr_number', 'created_at', 'period', 'merge_target', 'outcome_label', 'merge_probability', 'predicted_target_default', 'predicted_target_selected_threshold']",['pr_number'],True,0.0,6801
C:\Users\sabih\OneDrive\Desktop\Courseworks\AI GitHub PR Intelligence\data\evaluation\time_matched_600_extraction_failures.csv,time_matched_600_extraction_failures.csv,empty,0,0,[],[],False,0.0,2
C:\Users\sabih\OneDrive\Desktop\Courseworks\AI GitHub PR Intelligence\data\evaluation\time_matched_quarterly_availability.csv,time_matched_quarterly_availability.csv,loaded,34,9,"['year', 'quarter', 'period', 'start_date', 'end_date', 'merged_available', 'unmerged_available', 'matched_available', 'maximum_allowed_per_outcome']",[],False,0.0,1833
C:\Users\sabih\OneDrive\Desktop\Courseworks\AI GitHub PR Intelligence\data\evaluation\time_matched_sampling_plan.csv,time_matched_sampling_plan.csv,loaded,34,11,"['year', 'quarter', 'period', 'start_date', 'end_date', 'merged_available', 'unmerged_available', 'matched_available', 'maximum_allowed_per_outcome', 'planned_per_outcome', 'planned_total']",[],False,0.0,2048
C:\Users\sabih\OneDrive\Desktop\Courseworks\AI GitHub PR Intelligence\data\processed\pallets_flask_corrected_600_feature_engineered.csv,pallets_flask_corrected_600_feature_engineered.csv,loaded,600,96,"['repository', 'pr_number', 'title', 'body', 'html_url', 'author_login', 'author_association', 'state', 'draft', 'base_branch', 'head_branch', 'created_at', 'updated_at', 'closed_at', 'merged_at', 'was_merged', 'resolution_hours', 'merge_hours', 'additions', 'deletions', 'total_changes', 'changed_files', 'commit_count', 'title_length', 'body_length', 'body_word_count', 'labels', 'label_count', 'requested_reviewers', 'requested_reviewer_count', 'file_records_returned', 'test_files_changed', 'documentation_files_changed', 'configuration_files_changed', 'security_sensitive_files_changed', 'files_added', 'files_modified', 'files_removed', 'files_renamed', 'has_test_changes', 'has_documentation_changes', 'has_configuration_changes', 'has_security_sensitive_changes', 'expected_outcome', 'period', 'period_start_date', 'period_end_date', 'actual_outcome', 'outcome_matches_selection', 'commit_count_iqr_outlier', 'resolution_hours_iqr_outlier', 'configuration_files_changed_iqr_outlier', 'test_files_changed_iqr_outlier', 'deletions_iqr_outlier', 'files_modified_iqr_outlier', 'additions_iqr_outlier', 'total_changes_iqr_outlier', 'body_length_iqr_outlier', 'body_word_count_iqr_outlier', 'files_added_iqr_outlier', 'changed_files_iqr_outlier', 'documentation_files_changed_iqr_outlier', 'security_sensitive_files_changed_iqr_outlier', 'files_removed_iqr_outlier', 'files_renamed_iqr_outlier', 'title_length_iqr_outlier', 'requested_reviewer_count_iqr_outlier', 'label_count_iqr_outlier', 'iqr_outlier_feature_count', 'has_any_iqr_outlier', 'merge_target', 'outcome_label', 'log1p_body_length', 'log1p_body_word_count', 'log1p_additions', 'log1p_deletions', 'log1p_total_changes', 'log1p_changed_files', 'log1p_commit_count', 'has_description', 'has_detailed_description', 'short_title', 'very_long_description', 'change_density_per_file', 'deletion_ratio', 'has_zero_code_change', 'has_multiple_commits', 'pr_size_band', 'created_year', 'created_month', 'created_quarter', 'created_day_of_week', 'created_hour_utc', 'created_on_weekend', 'created_day_name', 'author_role_group']",['pr_number'],True,0.0,1424054
C:\Users\sabih\OneDrive\Desktop\Courseworks\AI GitHub PR Intelligence\data\processed\pallets_flask_corrected_600_outlier_flagged.csv,pallets_flask_corrected_600_outlier_flagged.csv,loaded,600,70,"['repository', 'pr_number', 'title', 'body', 'html_url', 'author_login', 'author_association', 'state', 'draft', 'base_branch', 'head_branch', 'created_at', 'updated_at', 'closed_at', 'merged_at', 'was_merged', 'resolution_hours', 'merge_hours', 'additions', 'deletions', 'total_changes', 'changed_files', 'commit_count', 'title_length', 'body_length', 'body_word_count', 'labels', 'label_count', 'requested_reviewers', 'requested_reviewer_count', 'file_records_returned', 'test_files_changed', 'documentation_files_changed', 'configuration_files_changed', 'security_sensitive_files_changed', 'files_added', 'files_modified', 'files_removed', 'files_renamed', 'has_test_changes', 'has_documentation_changes', 'has_configuration_changes', 'has_security_sensitive_changes', 'expected_outcome', 'period', 'period_start_date', 'period_end_date', 'actual_outcome', 'outcome_matches_selection', 'commit_count_iqr_outlier', 'resolution_hours_iqr_outlier', 'configuration_files_changed_iqr_outlier', 'test_files_changed_iqr_outlier', 'deletions_iqr_outlier', 'files_modified_iqr_outlier', 'additions_iqr_outlier', 'total_changes_iqr_outlier', 'body_length_iqr_outlier', 'body_word_count_iqr_outlier', 'files_added_iqr_outlier', 'changed_files_iqr_outlier', 'documentation_files_changed_iqr_outlier', 'security_sensitive_files_changed_iqr_outlier', 'files_removed_iqr_outlier', 'files_renamed_iqr_outlier', 'title_length_iqr_outlier', 'requested_reviewer_count_iqr_outlier', 'label_count_iqr_outlier', 'iqr_outlier_feature_count', 'has_any_iqr_outlier']",['pr_number'],True,0.0,1274632
C:\Users\sabih\OneDrive\Desktop\Courseworks\AI GitHub PR Intelligence\data\processed\pallets_flask_corrected_600_validated.csv,pallets_flask_corrected_600_validated.csv,loaded,600,49,"['repository', 'pr_number', 'title', 'body', 'html_url', 'author_login', 'author_association', 'state', 'draft', 'base_branch', 'head_branch', 'created_at', 'updated_at', 'closed_at', 'merged_at', 'was_merged', 'resolution_hours', 'merge_hours', 'additions', 'deletions', 'total_changes', 'changed_files', 'commit_count', 'title_length', 'body_length', 'body_word_count', 'labels', 'label_count', 'requested_reviewers', 'requested_reviewer_count', 'file_records_returned', 'test_files_changed', 'documentation_files_changed', 'configuration_files_changed', 'security_sensitive_files_changed', 'files_added', 'files_modified', 'files_removed', 'files_renamed', 'has_test_changes', 'has_documentation_changes', 'has_configuration_changes', 'has_security_sensitive_changes', 'expected_outcome', 'period', 'period_start_date', 'period_end_date', 'actual_outcome', 'outcome_matches_selection']",['pr_number'],True,0.0,1202454
C:\Users\sabih\OneDrive\Desktop\Courseworks\AI GitHub PR Intelligence\data\processed\pallets_flask_merge_outcome_analysed.csv,pallets_flask_merge_outcome_analysed.csv,loaded,300,88,"['repository', 'pr_number', 'title', 'body', 'author_login', 'author_association', 'state', 'draft', 'locked', 'base_branch', 'head_branch', 'head_sha', 'created_at', 'updated_at', 'closed_at', 'merged_at', 'was_merged', 'mergeable_state', 'additions', 'deletions', 'total_changes', 'changed_files', 'commit_count', 'issue_comment_count', 'review_comment_count', 'label_count', 'labels', 'requested_reviewer_count', 'requested_reviewers', 'title_length', 'body_length', 'body_word_count', 'html_url', 'file_records_returned', 'test_files_changed', 'documentation_files_changed', 'configuration_files_changed', 'security_sensitive_files_changed', 'files_added', 'files_modified', 'files_removed', 'files_renamed', 'has_test_changes', 'has_documentation_changes', 'has_configuration_changes', 'has_security_sensitive_changes', 'review_count', 'unique_reviewer_count', 'approved_review_count', 'changes_requested_count', 'commented_review_count', 'dismissed_review_count', 'first_review_at', 'first_review_hours', 'ci_check_count', 'ci_success_count', 'ci_failure_count', 'ci_cancelled_count', 'ci_neutral_count', 'ci_skipped_count', 'ci_other_count', 'ci_has_failure', 'resolution_hours', 'merge_hours', 'expected_outcome', 'actual_outcome', 'outcome_matches_search', 'merged_timestamp_present', 'merge_target_matches_timestamp', 'title_length_iqr_outlier', 'body_length_iqr_outlier', 'body_word_count_iqr_outlier', 'additions_iqr_outlier', 'deletions_iqr_outlier', 'total_changes_iqr_outlier', 'changed_files_iqr_outlier', 'commit_count_iqr_outlier', 'issue_comment_count_iqr_outlier', 'review_comment_count_iqr_outlier', 'review_count_iqr_outlier', 'unique_reviewer_count_iqr_outlier', 'test_files_changed_iqr_outlier', 'documentation_files_changed_iqr_outlier', 'configuration_files_changed_iqr_outlier', 'security_sensitive_files_changed_iqr_outlier', 'resolution_hours_iqr_outlier', 'iqr_outlier_feature_count', 'has_any_iqr_outlier']",['pr_number'],True,0.0,682054
C:\Users\sabih\OneDrive\Desktop\Courseworks\AI GitHub PR Intelligence\data\processed\pallets_flask_merge_outcome_eda_ready.csv,pallets_flask_merge_outcome_eda_ready.csv,loaded,300,112,"['repository', 'pr_number', 'title', 'body', 'author_login', 'author_association', 'state', 'draft', 'locked', 'base_branch', 'head_branch', 'head_sha', 'created_at', 'updated_at', 'closed_at', 'merged_at', 'was_merged', 'mergeable_state', 'additions', 'deletions', 'total_changes', 'changed_files', 'commit_count', 'issue_comment_count', 'review_comment_count', 'label_count', 'labels', 'requested_reviewer_count', 'requested_reviewers', 'title_length', 'body_length', 'body_word_count', 'html_url', 'file_records_returned', 'test_files_changed', 'documentation_files_changed', 'configuration_files_changed', 'security_sensitive_files_changed', 'files_added', 'files_modified', 'files_removed', 'files_renamed', 'has_test_changes', 'has_documentation_changes', 'has_configuration_changes', 'has_security_sensitive_changes', 'review_count', 'unique_reviewer_count', 'approved_review_count', 'changes_requested_count', 'commented_review_count', 'dismissed_review_count', 'first_review_at', 'first_review_hours', 'ci_check_count', 'ci_success_count', 'ci_failure_count', 'ci_cancelled_count', 'ci_neutral_count', 'ci_skipped_count', 'ci_other_count', 'ci_has_failure', 'resolution_hours', 'merge_hours', 'expected_outcome', 'actual_outcome', 'outcome_matches_search', 'merged_timestamp_present', 'merge_target_matches_timestamp', 'title_length_iqr_outlier', 'body_length_iqr_outlier', 'body_word_count_iqr_outlier', 'additions_iqr_outlier', 'deletions_iqr_outlier', 'total_changes_iqr_outlier', 'changed_files_iqr_outlier', 'commit_count_iqr_outlier', 'issue_comment_count_iqr_outlier', 'review_comment_count_iqr_outlier', 'review_count_iqr_outlier', 'unique_reviewer_count_iqr_outlier', 'test_files_changed_iqr_outlier', 'documentation_files_changed_iqr_outlier', 'configuration_files_changed_iqr_outlier', 'security_sensitive_files_changed_iqr_outlier', 'resolution_hours_iqr_outlier', 'iqr_outlier_feature_count', 'has_any_iqr_outlier', 'log1p_body_length', 'log1p_body_word_count', 'log1p_additions', 'log1p_deletions', 'log1p_total_changes', 'log1p_changed_files', 'has_multiple_commits', 'has_issue_comments', 'has_formal_review', 'has_review_comments', 'outcome_label', 'created_year', 'created_month', 'created_day_of_week', 'created_hour_utc', 'created_on_weekend', 'created_day_name', 'has_description', 'has_detailed_description', 'short_title', 'change_density_per_file', 'deletion_ratio', 'has_zero_code_change', 'author_role_group']",['pr_number'],True,0.0,750752
C:\Users\sabih\OneDrive\Desktop\Courseworks\AI GitHub PR Intelligence\data\processed\pallets_flask_merge_outcome_transformed.csv,pallets_flask_merge_outcome_transformed.csv,loaded,300,98,"['repository', 'pr_number', 'title', 'body', 'author_login', 'author_association', 'state', 'draft', 'locked', 'base_branch', 'head_branch', 'head_sha', 'created_at', 'updated_at', 'closed_at', 'merged_at', 'was_merged', 'mergeable_state', 'additions', 'deletions', 'total_changes', 'changed_files', 'commit_count', 'issue_comment_count', 'review_comment_count', 'label_count', 'labels', 'requested_reviewer_count', 'requested_reviewers', 'title_length', 'body_length', 'body_word_count', 'html_url', 'file_records_returned', 'test_files_changed', 'documentation_files_changed', 'configuration_files_changed', 'security_sensitive_files_changed', 'files_added', 'files_modified', 'files_removed', 'files_renamed', 'has_test_changes', 'has_documentation_changes', 'has_configuration_changes', 'has_security_sensitive_changes', 'review_count', 'unique_reviewer_count', 'approved_review_count', 'changes_requested_count', 'commented_review_count', 'dismissed_review_count', 'first_review_at', 'first_review_hours', 'ci_check_count', 'ci_success_count', 'ci_failure_count', 'ci_cancelled_count', 'ci_neutral_count', 'ci_skipped_count', 'ci_other_count', 'ci_has_failure', 'resolution_hours', 'merge_hours', 'expected_outcome', 'actual_outcome', 'outcome_matches_search', 'merged_timestamp_present', 'merge_target_matches_timestamp', 'title_length_iqr_outlier', 'body_length_iqr_outlier', 'body_word_count_iqr_outlier', 'additions_iqr_outlier', 'deletions_iqr_outlier', 'total_changes_iqr_outlier', 'changed_files_iqr_outlier', 'commit_count_iqr_outlier', 'issue_comment_count_iqr_outlier', 'review_comment_count_iqr_outlier', 'review_count_iqr_outlier', 'unique_reviewer_count_iqr_outlier', 'test_files_changed_iqr_outlier', 'documentation_files_changed_iqr_outlier', 'configuration_files_changed_iqr_outlier', 'security_sensitive_files_changed_iqr_outlier', 'resolution_hours_iqr_outlier', 'iqr_outlier_feature_count', 'has_any_iqr_outlier', 'log1p_body_length', 'log1p_body_word_count', 'log1p_additions', 'log1p_deletions', 'log1p_total_changes', 'log1p_changed_files', 'has_multiple_commits', 'has_issue_comments', 'has_formal_review', 'has_review_comments']",['pr_number'],True,0.0,721006
C:\Users\sabih\OneDrive\Desktop\Courseworks\AI GitHub PR Intelligence\data\processed\pallets_flask_pr_6013_flattened.csv,pallets_flask_pr_6013_flattened.csv,loaded,1,64,"['repository', 'pr_number', 'title', 'body', 'author_login', 'author_association', 'state', 'draft', 'locked', 'base_branch', 'head_branch', 'head_sha', 'created_at', 'updated_at', 'closed_at', 'merged_at', 'was_merged', 'mergeable_state', 'additions', 'deletions', 'total_changes', 'changed_files', 'commit_count', 'issue_comment_count', 'review_comment_count', 'label_count', 'labels', 'requested_reviewer_count', 'requested_reviewers', 'title_length', 'body_length', 'body_word_count', 'html_url', 'file_records_returned', 'test_files_changed', 'documentation_files_changed', 'configuration_files_changed', 'security_sensitive_files_changed', 'files_added', 'files_modified', 'files_removed', 'files_renamed', 'has_test_changes', 'has_documentation_changes', 'has_configuration_changes', 'has_security_sensitive_changes', 'review_count', 'unique_reviewer_count', 'approved_review_count', 'changes_requested_count', 'commented_review_count', 'dismissed_review_count', 'first_review_at', 'first_review_hours', 'ci_check_count', 'ci_success_count', 'ci_failure_count', 'ci_cancelled_count', 'ci_neutral_count', 'ci_skipped_count', 'ci_other_count', 'ci_has_failure', 'resolution_hours', 'merge_hours']",['pr_number'],True,0.0,1579
C:\Users\sabih\OneDrive\Desktop\Courseworks\AI GitHub PR Intelligence\data\processed\pallets_flask_pr_data_dictionary.csv,pallets_flask_pr_data_dictionary.csv,loaded,64,9,"['feature_name', 'data_type', 'description', 'source', 'availability_timing', 'leakage_status', 'proposed_use', 'missing_values', 'unique_values']",[],False,0.0,12813
C:\Users\sabih\OneDrive\Desktop\Courseworks\AI GitHub PR Intelligence\data\processed\pallets_flask_pr_pilot.csv,pallets_flask_pr_pilot.csv,loaded,10,64,"['repository', 'pr_number', 'title', 'body', 'author_login', 'author_association', 'state', 'draft', 'locked', 'base_branch', 'head_branch', 'head_sha', 'created_at', 'updated_at', 'closed_at', 'merged_at', 'was_merged', 'mergeable_state', 'additions', 'deletions', 'total_changes', 'changed_files', 'commit_count', 'issue_comment_count', 'review_comment_count', 'label_count', 'labels', 'requested_reviewer_count', 'requested_reviewers', 'title_length', 'body_length', 'body_word_count', 'html_url', 'file_records_returned', 'test_files_changed', 'documentation_files_changed', 'configuration_files_changed', 'security_sensitive_files_changed', 'files_added', 'files_modified', 'files_removed', 'files_renamed', 'has_test_changes', 'has_documentation_changes', 'has_configuration_changes', 'has_security_sensitive_changes', 'review_count', 'unique_reviewer_count', 'approved_review_count', 'changes_requested_count', 'commented_review_count', 'dismissed_review_count', 'first_review_at', 'first_review_hours', 'ci_check_count', 'ci_success_count', 'ci_failure_count', 'ci_cancelled_count', 'ci_neutral_count', 'ci_skipped_count', 'ci_other_count', 'ci_has_failure', 'resolution_hours', 'merge_hours']",['pr_number'],True,0.0,8847
C:\Users\sabih\OneDrive\Desktop\Courseworks\AI GitHub PR Intelligence\data\processed\pallets_flask_pr_sample.csv,pallets_flask_pr_sample.csv,loaded,10,16,"['repository', 'pr_number', 'title', 'author_login', 'state', 'draft', 'created_at', 'updated_at', 'closed_at', 'merged_at', 'base_branch', 'head_branch', 'html_url', 'was_merged', 'resolution_hours', 'merge_hours']",['pr_number'],True,0.0,2750
C:\Users\sabih\OneDrive\Desktop\Courseworks\AI GitHub PR Intelligence\data\processed\pallets_flask_time_matched_600_detailed.csv,pallets_flask_time_matched_600_detailed.csv,loaded,600,49,"['repository', 'pr_number', 'title', 'body', 'html_url', 'author_login', 'author_association', 'state', 'draft', 'base_branch', 'head_branch', 'created_at', 'updated_at', 'closed_at', 'merged_at', 'was_merged', 'resolution_hours', 'merge_hours', 'additions', 'deletions', 'total_changes', 'changed_files', 'commit_count', 'title_length', 'body_length', 'body_word_count', 'labels', 'label_count', 'requested_reviewers', 'requested_reviewer_count', 'file_records_returned', 'test_files_changed', 'documentation_files_changed', 'configuration_files_changed', 'security_sensitive_files_changed', 'files_added', 'files_modified', 'files_removed', 'files_renamed', 'has_test_changes', 'has_documentation_changes', 'has_configuration_changes', 'has_security_sensitive_changes', 'expected_outcome', 'period', 'period_start_date', 'period_end_date', 'actual_outcome', 'outcome_matches_selection']",['pr_number'],True,0.0,1203226
C:\Users\sabih\OneDrive\Desktop\Courseworks\AI GitHub PR Intelligence\data\raw\pallets_flask_changed_files.csv,pallets_flask_changed_files.csv,loaded,6,18,"['repository', 'pr_number', 'file_path', 'file_status', 'additions', 'deletions', 'total_changes', 'previous_file_path', 'raw_url', 'blob_url', 'patch_available', 'file_extension', 'file_category', 'is_test_file', 'is_documentation_file', 'is_configuration_file', 'is_security_sensitive_file', 'is_generated_file']",['pr_number'],True,0.0,2125
C:\Users\sabih\OneDrive\Desktop\Courseworks\AI GitHub PR Intelligence\data\raw\pallets_flask_changed_files.parquet,pallets_flask_changed_files.parquet,loaded,6,18,"['repository', 'pr_number', 'file_path', 'file_status', 'additions', 'deletions', 'total_changes', 'previous_file_path', 'raw_url', 'blob_url', 'patch_available', 'file_extension', 'file_category', 'is_test_file', 'is_documentation_file', 'is_configuration_file', 'is_security_sensitive_file', 'is_generated_file']",['pr_number'],True,0.0,12005
C:\Users\sabih\OneDrive\Desktop\Courseworks\AI GitHub PR Intelligence\data\raw\pallets_flask_closed_pr_summaries.csv,pallets_flask_closed_pr_summaries.csv,loaded,200,24,"['repository', 'pr_number', 'title', 'body', 'state', 'draft', 'author_login', 'author_association', 'created_at', 'updated_at', 'closed_at', 'merged_at', 'target_branch', 'source_branch', 'html_url', 'labels', 'was_merged', 'merge_target', 'outcome_label', 'additions', 'deletions', 'changed_files', 'commit_count', 'raw_data_available']",['pr_number'],True,0.0,189403
C:\Users\sabih\OneDrive\Desktop\Courseworks\AI GitHub PR Intelligence\data\raw\pallets_flask_closed_pr_summaries.parquet,pallets_flask_closed_pr_summaries.parquet,loaded,200,24,"['repository', 'pr_number', 'title', 'body', 'state', 'draft', 'author_login', 'author_association', 'created_at', 'updated_at', 'closed_at', 'merged_at', 'target_branch', 'source_branch', 'html_url', 'labels', 'was_merged', 'merge_target', 'outcome_label', 'additions', 'deletions', 'changed_files', 'commit_count', 'raw_data_available']",['pr_number'],True,,94470
C:\Users\sabih\OneDrive\Desktop\Courseworks\AI GitHub PR Intelligence\data\raw\pallets_flask_detailed_pull_requests.csv,pallets_flask_detailed_pull_requests.csv,loaded,5,36,"['repository', 'pr_number', 'title', 'body', 'state', 'draft', 'author_login', 'author_association', 'created_at', 'updated_at', 'closed_at', 'merged_at', 'target_branch', 'source_branch', 'html_url', 'labels', 'was_merged', 'merge_target', 'outcome_label', 'additions', 'deletions', 'changed_files', 'commit_count', 'raw_data_available', 'total_changes', 'changed_file_paths', 'test_file_count', 'documentation_file_count', 'configuration_file_count', 'security_sensitive_file_count', 'generated_file_count', 'has_test_changes', 'has_documentation_changes', 'has_configuration_changes', 'has_security_sensitive_changes', 'file_category_counts']",['pr_number'],True,0.0,4411
C:\Users\sabih\OneDrive\Desktop\Courseworks\AI GitHub PR Intelligence\data\raw\pallets_flask_detailed_pull_requests.parquet,pallets_flask_detailed_pull_requests.parquet,loaded,5,36,"['repository', 'pr_number', 'title', 'body', 'state', 'draft', 'author_login', 'author_association', 'created_at', 'updated_at', 'closed_at', 'merged_at', 'target_branch', 'source_branch', 'html_url', 'labels', 'was_merged', 'merge_target', 'outcome_label', 'additions', 'deletions', 'changed_files', 'commit_count', 'raw_data_available', 'total_changes', 'changed_file_paths', 'test_file_count', 'documentation_file_count', 'configuration_file_count', 'security_sensitive_file_count', 'generated_file_count', 'has_test_changes', 'has_documentation_changes', 'has_configuration_changes', 'has_security_sensitive_changes', 'file_category_counts']",['pr_number'],True,,24326
C:\Users\sabih\OneDrive\Desktop\Courseworks\AI GitHub PR Intelligence\data\raw\pallets_flask_outcome_population.csv,pallets_flask_outcome_population.csv,loaded,300,2,"['pr_number', 'expected_outcome']",['pr_number'],True,0.0,6028
C:\Users\sabih\OneDrive\Desktop\Courseworks\AI GitHub PR Intelligence\data\raw\pallets_flask_time_matched_600_pr_population.csv,pallets_flask_time_matched_600_pr_population.csv,loaded,600,8,"['repository', 'pr_number', 'expected_outcome', 'period', 'period_start_date', 'period_end_date', 'created_at', 'html_url']",['pr_number'],True,0.0,79900
