pr_number,delay_probability,delay_prediction,delay_prediction_confidence,delay_prediction_threshold,delay_prediction_model_name
2577,0.2179780611179871,0,0.7820219388820129,0.75,logistic_candidate_07
2582,0.4672111366383131,0,0.5327888633616868,0.75,logistic_candidate_07
2592,0.408469108146235,0,0.591530891853765,0.75,logistic_candidate_07
2603,0.06133596527210352,0,0.9386640347278965,0.75,logistic_candidate_07
2609,0.5424403277002824,0,0.4575596722997176,0.75,logistic_candidate_07
2622,0.33935606341453023,0,0.6606439365854697,0.75,logistic_candidate_07
2630,0.04938091533898488,0,0.9506190846610151,0.75,logistic_candidate_07
2637,0.19679438013278422,0,0.8032056198672157,0.75,logistic_candidate_07
2652,0.0036159502951153555,0,0.9963840497048846,0.75,logistic_candidate_07
2676,0.990802000620399,1,0.990802000620399,0.75,logistic_candidate_07
2685,0.07089696930275306,0,0.929103030697247,0.75,logistic_candidate_07
2699,0.02456501036669743,0,0.9754349896333026,0.75,logistic_candidate_07
2719,0.11888215973771682,0,0.8811178402622832,0.75,logistic_candidate_07
2730,0.1112063700294096,0,0.8887936299705904,0.75,logistic_candidate_07
2746,0.24811896636116745,0,0.7518810336388325,0.75,logistic_candidate_07
2765,0.9385603452087589,1,0.9385603452087589,0.75,logistic_candidate_07
2793,0.061912454026365686,0,0.9380875459736343,0.75,logistic_candidate_07
2808,0.013209598214613793,0,0.9867904017853862,0.75,logistic_candidate_07
2834,0.15351069625082805,0,0.846489303749172,0.75,logistic_candidate_07
2850,0.13325961920270274,0,0.8667403807972973,0.75,logistic_candidate_07
2854,0.9947148356478268,1,0.9947148356478268,0.75,logistic_candidate_07
2861,0.84892867262843,1,0.84892867262843,0.75,logistic_candidate_07
2872,0.07665855836487048,0,0.9233414416351295,0.75,logistic_candidate_07
2877,0.8753322985417812,1,0.8753322985417812,0.75,logistic_candidate_07
2898,0.9915051154605792,1,0.9915051154605792,0.75,logistic_candidate_07
2910,0.5392221052284601,0,0.46077789477153985,0.75,logistic_candidate_07
2913,0.9833641058786768,1,0.9833641058786768,0.75,logistic_candidate_07
2915,0.10142838278008207,0,0.898571617219918,0.75,logistic_candidate_07
2917,0.9770076002360116,1,0.9770076002360116,0.75,logistic_candidate_07
2928,0.8244603400266939,1,0.8244603400266939,0.75,logistic_candidate_07
2934,0.9332939984958257,1,0.9332939984958257,0.75,logistic_candidate_07
2940,0.6466989047592094,0,0.35330109524079056,0.75,logistic_candidate_07
2963,0.42156818368909615,0,0.5784318163109039,0.75,logistic_candidate_07
2969,0.16079946678878163,0,0.8392005332112183,0.75,logistic_candidate_07
2986,0.954135312926163,1,0.954135312926163,0.75,logistic_candidate_07
2993,0.3352827178877678,0,0.6647172821122322,0.75,logistic_candidate_07
3011,0.9321670813375919,1,0.9321670813375919,0.75,logistic_candidate_07
3031,0.9114451400633345,1,0.9114451400633345,0.75,logistic_candidate_07
3049,0.8245150098605212,1,0.8245150098605212,0.75,logistic_candidate_07
3056,0.3385206087287268,0,0.6614793912712732,0.75,logistic_candidate_07
3059,0.4820350163212167,0,0.5179649836787833,0.75,logistic_candidate_07
3063,0.25972073598317347,0,0.7402792640168265,0.75,logistic_candidate_07
3065,0.2726820079070612,0,0.7273179920929388,0.75,logistic_candidate_07
3067,0.12969318243973685,0,0.8703068175602632,0.75,logistic_candidate_07
3069,0.9250198520637377,1,0.9250198520637377,0.75,logistic_candidate_07
3082,0.14342083775919603,0,0.856579162240804,0.75,logistic_candidate_07
3101,0.11755565108772513,0,0.8824443489122749,0.75,logistic_candidate_07
3104,0.9889975560205749,1,0.9889975560205749,0.75,logistic_candidate_07
3113,0.09099173649735959,0,0.9090082635026404,0.75,logistic_candidate_07
3129,0.9637995107183902,1,0.9637995107183902,0.75,logistic_candidate_07
3137,0.9857567692606536,1,0.9857567692606536,0.75,logistic_candidate_07
3159,0.8389067423628609,1,0.8389067423628609,0.75,logistic_candidate_07
3173,0.01972831563548904,0,0.980271684364511,0.75,logistic_candidate_07
3183,0.006295869516826551,0,0.9937041304831734,0.75,logistic_candidate_07
3199,0.14832496739599355,0,0.8516750326040065,0.75,logistic_candidate_07
3230,0.0655598003890293,0,0.9344401996109707,0.75,logistic_candidate_07
3236,0.6826011592505363,0,0.3173988407494637,0.75,logistic_candidate_07
3244,0.12282913640445657,0,0.8771708635955434,0.75,logistic_candidate_07
3260,0.9066250835886426,1,0.9066250835886426,0.75,logistic_candidate_07
3274,0.029440708408405358,0,0.9705592915915946,0.75,logistic_candidate_07
3278,0.09834121645126127,0,0.9016587835487387,0.75,logistic_candidate_07
3282,0.12689358257095884,0,0.8731064174290412,0.75,logistic_candidate_07
3290,0.6476877562817481,0,0.35231224371825187,0.75,logistic_candidate_07
3299,0.17439420786245013,0,0.8256057921375499,0.75,logistic_candidate_07
3308,0.21917678285290756,0,0.7808232171470925,0.75,logistic_candidate_07
3321,0.10428319557411263,0,0.8957168044258874,0.75,logistic_candidate_07
3336,0.3121162061693205,0,0.6878837938306794,0.75,logistic_candidate_07
3344,0.978571799434659,1,0.978571799434659,0.75,logistic_candidate_07
3369,0.9293399508095336,1,0.9293399508095336,0.75,logistic_candidate_07
3376,0.15454776469736714,0,0.8454522353026328,0.75,logistic_candidate_07
3381,0.42156373641888306,0,0.5784362635811169,0.75,logistic_candidate_07
3382,0.5037078504071771,0,0.49629214959282286,0.75,logistic_candidate_07
3395,0.06057118228667862,0,0.9394288177133214,0.75,logistic_candidate_07
3401,0.9135007673974482,1,0.9135007673974482,0.75,logistic_candidate_07
3408,0.14111093345293815,0,0.8588890665470619,0.75,logistic_candidate_07
3412,0.9653605918756093,1,0.9653605918756093,0.75,logistic_candidate_07
3425,0.20694836155501706,0,0.7930516384449829,0.75,logistic_candidate_07
3434,0.5149846441184465,0,0.48501535588155353,0.75,logistic_candidate_07
3437,0.9503119391989032,1,0.9503119391989032,0.75,logistic_candidate_07
3456,0.9669490752902061,1,0.9669490752902061,0.75,logistic_candidate_07
3460,0.9902551665291964,1,0.9902551665291964,0.75,logistic_candidate_07
3473,0.9716075069750769,1,0.9716075069750769,0.75,logistic_candidate_07
3479,0.42455874451334774,0,0.5754412554866523,0.75,logistic_candidate_07
3492,0.23925567628201835,0,0.7607443237179816,0.75,logistic_candidate_07
3497,0.20483123660445093,0,0.7951687633955491,0.75,logistic_candidate_07
3517,0.11255311974433255,0,0.8874468802556674,0.75,logistic_candidate_07
3524,0.9455704297888016,1,0.9455704297888016,0.75,logistic_candidate_07
3530,0.9736357036454653,1,0.9736357036454653,0.75,logistic_candidate_07
3537,0.8160194101776505,1,0.8160194101776505,0.75,logistic_candidate_07
3544,0.19910503897660864,0,0.8008949610233913,0.75,logistic_candidate_07
3554,0.0001305942886013468,0,0.9998694057113987,0.75,logistic_candidate_07
3563,0.6693701617350116,0,0.3306298382649884,0.75,logistic_candidate_07
3579,0.934551900352386,1,0.934551900352386,0.75,logistic_candidate_07
3616,0.152954579963068,0,0.847045420036932,0.75,logistic_candidate_07
3624,0.026018495915662146,0,0.9739815040843378,0.75,logistic_candidate_07
3636,0.022474816201984365,0,0.9775251837980157,0.75,logistic_candidate_07
3644,0.07497802912703459,0,0.9250219708729654,0.75,logistic_candidate_07
3648,0.1393503077723277,0,0.8606496922276723,0.75,logistic_candidate_07
3659,0.2587748552599853,0,0.7412251447400147,0.75,logistic_candidate_07
3669,0.9300512106495803,1,0.9300512106495803,0.75,logistic_candidate_07
3671,0.03326797140135941,0,0.9667320285986406,0.75,logistic_candidate_07
3677,0.0076150929073345395,0,0.9923849070926655,0.75,logistic_candidate_07
3686,0.10440787932369644,0,0.8955921206763036,0.75,logistic_candidate_07
3699,0.5747531791614737,0,0.4252468208385263,0.75,logistic_candidate_07
3709,0.26997505415711387,0,0.7300249458428861,0.75,logistic_candidate_07
3716,0.07133017786534666,0,0.9286698221346533,0.75,logistic_candidate_07
3728,0.9281657237084452,1,0.9281657237084452,0.75,logistic_candidate_07
3742,0.0022236613879052626,0,0.9977763386120947,0.75,logistic_candidate_07
3756,0.01474807308886208,0,0.9852519269111379,0.75,logistic_candidate_07
3771,0.10065797322215263,0,0.8993420267778474,0.75,logistic_candidate_07
3773,0.07747539628301914,0,0.9225246037169809,0.75,logistic_candidate_07
3785,0.7254381030943419,0,0.27456189690565813,0.75,logistic_candidate_07
3790,0.00340917706395838,0,0.9965908229360416,0.75,logistic_candidate_07
3802,0.5318132341091427,0,0.4681867658908573,0.75,logistic_candidate_07
3816,0.28303512322788416,0,0.7169648767721158,0.75,logistic_candidate_07
3819,0.15356971028948305,0,0.8464302897105169,0.75,logistic_candidate_07
3823,0.05120102501785323,0,0.9487989749821468,0.75,logistic_candidate_07
3828,0.004242967875170097,0,0.9957570321248299,0.75,logistic_candidate_07
3836,0.46257304379005537,0,0.5374269562099446,0.75,logistic_candidate_07
3854,0.03967062065466314,0,0.9603293793453369,0.75,logistic_candidate_07
3855,0.013643512576675424,0,0.9863564874233246,0.75,logistic_candidate_07
3859,0.014099611509351814,0,0.9859003884906482,0.75,logistic_candidate_07
3880,0.35812218674455526,0,0.6418778132554448,0.75,logistic_candidate_07
3887,0.017005616334597358,0,0.9829943836654026,0.75,logistic_candidate_07
3891,0.0018002552472174875,0,0.9981997447527825,0.75,logistic_candidate_07
3895,0.3477054052271813,0,0.6522945947728187,0.75,logistic_candidate_07
3907,0.939564424597142,1,0.939564424597142,0.75,logistic_candidate_07
3922,0.04449018374387636,0,0.9555098162561236,0.75,logistic_candidate_07
3932,0.2971283671242185,0,0.7028716328757816,0.75,logistic_candidate_07
3943,0.03942636811442491,0,0.9605736318855751,0.75,logistic_candidate_07
3952,0.03942636811442491,0,0.9605736318855751,0.75,logistic_candidate_07
3971,0.4782148091549148,0,0.5217851908450852,0.75,logistic_candidate_07
3989,0.667933344922895,0,0.332066655077105,0.75,logistic_candidate_07
4011,0.02388732217874085,0,0.9761126778212591,0.75,logistic_candidate_07
4047,0.2181602390638583,0,0.7818397609361417,0.75,logistic_candidate_07
4071,0.6102075844575184,0,0.38979241554248156,0.75,logistic_candidate_07
4100,0.024289270834511226,0,0.9757107291654887,0.75,logistic_candidate_07
4139,0.9829596066285671,1,0.9829596066285671,0.75,logistic_candidate_07
4175,0.29582105591412333,0,0.7041789440858767,0.75,logistic_candidate_07
4181,0.014572505610088396,0,0.9854274943899116,0.75,logistic_candidate_07
4184,0.22790283544308299,0,0.772097164556917,0.75,logistic_candidate_07
4190,0.9631756472882431,1,0.9631756472882431,0.75,logistic_candidate_07
4209,0.04421215170350362,0,0.9557878482964963,0.75,logistic_candidate_07
4221,0.22291420651056967,0,0.7770857934894303,0.75,logistic_candidate_07
4234,0.26390843369891964,0,0.7360915663010803,0.75,logistic_candidate_07
4254,0.16638177201649798,0,0.833618227983502,0.75,logistic_candidate_07
4266,0.10324577055208671,0,0.8967542294479133,0.75,logistic_candidate_07
4271,0.12080712502110241,0,0.8791928749788975,0.75,logistic_candidate_07
4283,0.4931400219275919,0,0.5068599780724081,0.75,logistic_candidate_07
4287,0.005294387050953466,0,0.9947056129490466,0.75,logistic_candidate_07
4298,0.8479249577692638,1,0.8479249577692638,0.75,logistic_candidate_07
4304,0.07380611547111522,0,0.9261938845288847,0.75,logistic_candidate_07
4326,0.03588363110395305,0,0.9641163688960469,0.75,logistic_candidate_07
4335,0.01989969782874301,0,0.980100302171257,0.75,logistic_candidate_07
4343,0.19660965242132103,0,0.803390347578679,0.75,logistic_candidate_07
4382,0.9725711647325636,1,0.9725711647325636,0.75,logistic_candidate_07
4397,0.9969549040124652,1,0.9969549040124652,0.75,logistic_candidate_07
4412,0.8320186506714254,1,0.8320186506714254,0.75,logistic_candidate_07
4432,0.9547525676198267,1,0.9547525676198267,0.75,logistic_candidate_07
4445,0.2840873733740688,0,0.7159126266259312,0.75,logistic_candidate_07
4461,0.360783822674077,0,0.6392161773259231,0.75,logistic_candidate_07
4469,0.24425165175512542,0,0.7557483482448746,0.75,logistic_candidate_07
4479,0.9667043202869392,1,0.9667043202869392,0.75,logistic_candidate_07
4491,0.12542433285645116,0,0.8745756671435488,0.75,logistic_candidate_07
4497,0.06181919152846416,0,0.9381808084715358,0.75,logistic_candidate_07
4511,0.08832958250205758,0,0.9116704174979424,0.75,logistic_candidate_07
4515,0.030546327502640223,0,0.9694536724973598,0.75,logistic_candidate_07
4534,0.9309887651201649,1,0.9309887651201649,0.75,logistic_candidate_07
4560,0.415083697691089,0,0.584916302308911,0.75,logistic_candidate_07
4577,0.7756954009933129,1,0.7756954009933129,0.75,logistic_candidate_07
4591,0.22807790574234427,0,0.7719220942576557,0.75,logistic_candidate_07
4610,0.9437931146499283,1,0.9437931146499283,0.75,logistic_candidate_07
4624,0.27249959313443417,0,0.7275004068655658,0.75,logistic_candidate_07
4645,0.3561499078294161,0,0.6438500921705839,0.75,logistic_candidate_07
4662,0.41705179164598627,0,0.5829482083540137,0.75,logistic_candidate_07
4665,0.026914564401021943,0,0.9730854355989781,0.75,logistic_candidate_07
4675,0.05383422797599228,0,0.9461657720240078,0.75,logistic_candidate_07
4685,0.20652580378867028,0,0.7934741962113298,0.75,logistic_candidate_07
4694,0.00864285623639534,0,0.9913571437636046,0.75,logistic_candidate_07
4721,0.33431873335029094,0,0.6656812666497091,0.75,logistic_candidate_07
4748,0.034445292287308936,0,0.965554707712691,0.75,logistic_candidate_07
4758,0.04899418413856535,0,0.9510058158614346,0.75,logistic_candidate_07
4783,0.35689193831449495,0,0.643108061685505,0.75,logistic_candidate_07
4821,0.12985632398085417,0,0.8701436760191459,0.75,logistic_candidate_07
4833,0.9125731071800656,1,0.9125731071800656,0.75,logistic_candidate_07
4835,0.10497420884482635,0,0.8950257911551737,0.75,logistic_candidate_07
4847,0.9472094606549784,1,0.9472094606549784,0.75,logistic_candidate_07
4862,0.3421003117727756,0,0.6578996882272243,0.75,logistic_candidate_07
4882,0.2664035216389657,0,0.7335964783610343,0.75,logistic_candidate_07
4899,0.42226332844271536,0,0.5777366715572847,0.75,logistic_candidate_07
4913,0.18561220027984598,0,0.8143877997201541,0.75,logistic_candidate_07
4921,0.6864571057157972,0,0.3135428942842028,0.75,logistic_candidate_07
4926,0.21476623329520278,0,0.7852337667047973,0.75,logistic_candidate_07
4933,0.3095047645635072,0,0.6904952354364928,0.75,logistic_candidate_07
4943,0.02531153829274409,0,0.9746884617072559,0.75,logistic_candidate_07
4958,0.25134100613885724,0,0.7486589938611428,0.75,logistic_candidate_07
4966,0.08920349940613387,0,0.9107965005938661,0.75,logistic_candidate_07
4972,0.21674702575574312,0,0.7832529742442569,0.75,logistic_candidate_07
4995,0.00017936257416371142,0,0.9998206374258363,0.75,logistic_candidate_07
5005,0.027423586576633362,0,0.9725764134233666,0.75,logistic_candidate_07
5024,0.12853819639715777,0,0.8714618036028422,0.75,logistic_candidate_07
5037,0.14444385730692585,0,0.8555561426930741,0.75,logistic_candidate_07
5038,0.042553663562458835,0,0.9574463364375412,0.75,logistic_candidate_07
5053,0.18612063495769476,0,0.8138793650423053,0.75,logistic_candidate_07
5066,0.20154689938518455,0,0.7984531006148154,0.75,logistic_candidate_07
5077,0.12170640670942513,0,0.8782935932905749,0.75,logistic_candidate_07
5101,0.07028358747405467,0,0.9297164125259454,0.75,logistic_candidate_07
5108,0.0328875427275229,0,0.9671124572724771,0.75,logistic_candidate_07
5127,0.9746098546861076,1,0.9746098546861076,0.75,logistic_candidate_07
5150,0.11431577481463955,0,0.8856842251853605,0.75,logistic_candidate_07
5180,0.07348612853256213,0,0.9265138714674379,0.75,logistic_candidate_07
5182,0.08308883107794475,0,0.9169111689220553,0.75,logistic_candidate_07
5184,0.22416098137657506,0,0.775839018623425,0.75,logistic_candidate_07
5187,0.4128802519620319,0,0.5871197480379682,0.75,logistic_candidate_07
5212,0.08978132037626137,0,0.9102186796237386,0.75,logistic_candidate_07
5217,0.6207330356985072,0,0.37926696430149276,0.75,logistic_candidate_07
5232,0.005193756883524377,0,0.9948062431164756,0.75,logistic_candidate_07
5242,0.11079355517235367,0,0.8892064448276463,0.75,logistic_candidate_07
5248,0.31288543943730224,0,0.6871145605626978,0.75,logistic_candidate_07
5264,0.4850165652642313,0,0.5149834347357687,0.75,logistic_candidate_07
5270,0.9148755205233426,1,0.9148755205233426,0.75,logistic_candidate_07
5287,0.22398934162439063,0,0.7760106583756093,0.75,logistic_candidate_07
5303,0.02488026350176019,0,0.9751197364982398,0.75,logistic_candidate_07
5313,0.7422012243699977,0,0.2577987756300023,0.75,logistic_candidate_07
5330,4.3879590535351815e-07,0,0.9999995612040946,0.75,logistic_candidate_07
5336,0.11083566673578937,0,0.8891643332642106,0.75,logistic_candidate_07
5344,0.9709005428603041,1,0.9709005428603041,0.75,logistic_candidate_07
5352,0.0029202923846348124,0,0.9970797076153652,0.75,logistic_candidate_07
5355,0.9560691184907648,1,0.9560691184907648,0.75,logistic_candidate_07
5374,3.455721529599969e-06,0,0.9999965442784704,0.75,logistic_candidate_07
5377,0.8654011903676954,1,0.8654011903676954,0.75,logistic_candidate_07
5382,0.04626433284586434,0,0.9537356671541357,0.75,logistic_candidate_07
5386,0.04739252647805252,0,0.9526074735219475,0.75,logistic_candidate_07
5389,0.8278187428958794,1,0.8278187428958794,0.75,logistic_candidate_07
5393,0.8728219546781851,1,0.8728219546781851,0.75,logistic_candidate_07
5401,8.09732877059175e-09,0,0.9999999919026712,0.75,logistic_candidate_07
5403,0.04470337763367489,0,0.9552966223663251,0.75,logistic_candidate_07
5423,0.8268573960570009,1,0.8268573960570009,0.75,logistic_candidate_07
5457,0.9952481732942013,1,0.9952481732942013,0.75,logistic_candidate_07
5460,0.7426229376482432,0,0.25737706235175684,0.75,logistic_candidate_07
5464,0.8621855269632208,1,0.8621855269632208,0.75,logistic_candidate_07
5470,9.053691642481858e-07,0,0.9999990946308358,0.75,logistic_candidate_07
5476,1.1510140426859145e-07,0,0.9999998848985957,0.75,logistic_candidate_07
5481,0.024977705542164986,0,0.9750222944578351,0.75,logistic_candidate_07
5487,0.06486414113756049,0,0.9351358588624396,0.75,logistic_candidate_07
5493,0.0016638257317479375,0,0.998336174268252,0.75,logistic_candidate_07
5499,0.9939062618814134,1,0.9939062618814134,0.75,logistic_candidate_07
5514,1.7472228025960515e-05,0,0.999982527771974,0.75,logistic_candidate_07
5516,2.474633007934836e-05,0,0.9999752536699207,0.75,logistic_candidate_07
5517,0.43508008493009676,0,0.5649199150699032,0.75,logistic_candidate_07
5522,0.11881954376345845,0,0.8811804562365415,0.75,logistic_candidate_07
5526,0.2960965360898937,0,0.7039034639101063,0.75,logistic_candidate_07
5539,0.02105908805911657,0,0.9789409119408834,0.75,logistic_candidate_07
5541,0.3373620555836567,0,0.6626379444163433,0.75,logistic_candidate_07
5599,0.9521250557684345,1,0.9521250557684345,0.75,logistic_candidate_07
5609,0.9615454265538631,1,0.9615454265538631,0.75,logistic_candidate_07
5615,0.1665887717334268,0,0.8334112282665732,0.75,logistic_candidate_07
5623,0.01710783785371508,0,0.9828921621462849,0.75,logistic_candidate_07
5630,0.4935591276340173,0,0.5064408723659827,0.75,logistic_candidate_07
5634,0.5489583596551735,0,0.4510416403448265,0.75,logistic_candidate_07
5647,0.049769298848587336,0,0.9502307011514126,0.75,logistic_candidate_07
5659,0.960074709929382,1,0.960074709929382,0.75,logistic_candidate_07
5671,0.9720158131921479,1,0.9720158131921479,0.75,logistic_candidate_07
5674,0.9641817981088159,1,0.9641817981088159,0.75,logistic_candidate_07
5695,0.8420679841526947,1,0.8420679841526947,0.75,logistic_candidate_07
5700,0.2270048076048474,0,0.7729951923951526,0.75,logistic_candidate_07
5701,0.16777080578004783,0,0.8322291942199522,0.75,logistic_candidate_07
5702,0.2210638486051034,0,0.7789361513948966,0.75,logistic_candidate_07
5723,0.983495505933155,1,0.983495505933155,0.75,logistic_candidate_07
5727,0.29824608728115676,0,0.7017539127188432,0.75,logistic_candidate_07
5730,0.01799657232301992,0,0.9820034276769801,0.75,logistic_candidate_07
5731,0.0018688947976171584,0,0.9981311052023828,0.75,logistic_candidate_07
5736,0.9559281541903135,1,0.9559281541903135,0.75,logistic_candidate_07
5737,0.2980280343558615,0,0.7019719656441386,0.75,logistic_candidate_07
5742,0.9857484629563251,1,0.9857484629563251,0.75,logistic_candidate_07
5754,0.2034561831361174,0,0.7965438168638825,0.75,logistic_candidate_07
5757,0.008339012151458472,0,0.9916609878485415,0.75,logistic_candidate_07
5777,0.7950778409208278,1,0.7950778409208278,0.75,logistic_candidate_07
5795,0.9220933181336823,1,0.9220933181336823,0.75,logistic_candidate_07
5797,0.2293742347064819,0,0.7706257652935181,0.75,logistic_candidate_07
5798,0.7936433330545047,1,0.7936433330545047,0.75,logistic_candidate_07
5799,0.34399180130308843,0,0.6560081986969115,0.75,logistic_candidate_07
5800,0.01727683225948529,0,0.9827231677405147,0.75,logistic_candidate_07
5808,0.9066049574957215,1,0.9066049574957215,0.75,logistic_candidate_07
5812,0.18393467334000219,0,0.8160653266599978,0.75,logistic_candidate_07
5818,0.84136336573785,1,0.84136336573785,0.75,logistic_candidate_07
5827,0.9907407282947718,1,0.9907407282947718,0.75,logistic_candidate_07
5829,0.24224355076013088,0,0.7577564492398692,0.75,logistic_candidate_07
5844,0.9594029364299322,1,0.9594029364299322,0.75,logistic_candidate_07
5865,0.9066326703014125,1,0.9066326703014125,0.75,logistic_candidate_07
5898,0.581660299102048,0,0.418339700897952,0.75,logistic_candidate_07
5899,0.043919367634177746,0,0.9560806323658223,0.75,logistic_candidate_07
5900,0.3615488194686789,0,0.6384511805313211,0.75,logistic_candidate_07
5903,0.08338954265849505,0,0.9166104573415049,0.75,logistic_candidate_07
5917,0.36217685445837067,0,0.6378231455416293,0.75,logistic_candidate_07
5924,0.032434404669328704,0,0.9675655953306713,0.75,logistic_candidate_07
5928,0.3790137973495568,0,0.6209862026504431,0.75,logistic_candidate_07
5945,0.3064252610011098,0,0.6935747389988902,0.75,logistic_candidate_07
5962,0.3180412692095465,0,0.6819587307904535,0.75,logistic_candidate_07
6013,0.05376166732598681,0,0.9462383326740131,0.75,logistic_candidate_07
