model_name,pr_number,actual_target,predicted_target,merge_probability,prediction_confidence,prediction_correct,selected_threshold,prediction_outcome,probability_distance_from_threshold,additions,deletions,total_changes,changed_files,commit_count,title_length,body_length,body_word_count,label_count,file_records_returned,test_files_changed,documentation_files_changed,configuration_files_changed,security_sensitive_files_changed,files_added,files_modified,files_removed,files_renamed,iqr_outlier_feature_count,log1p_body_length,log1p_body_word_count,log1p_additions,log1p_deletions,log1p_total_changes,log1p_changed_files,log1p_commit_count,change_density_per_file,deletion_ratio,created_day_of_week,created_hour_utc,draft,requested_reviewer_count,has_test_changes,has_documentation_changes,has_configuration_changes,has_security_sensitive_changes,commit_count_iqr_outlier,configuration_files_changed_iqr_outlier,test_files_changed_iqr_outlier,deletions_iqr_outlier,files_modified_iqr_outlier,additions_iqr_outlier,total_changes_iqr_outlier,body_length_iqr_outlier,body_word_count_iqr_outlier,files_added_iqr_outlier,changed_files_iqr_outlier,documentation_files_changed_iqr_outlier,security_sensitive_files_changed_iqr_outlier,files_removed_iqr_outlier,files_renamed_iqr_outlier,title_length_iqr_outlier,requested_reviewer_count_iqr_outlier,has_any_iqr_outlier,has_description,has_detailed_description,short_title,very_long_description,has_zero_code_change,has_multiple_commits,created_on_weekend,requires_error_review
contributor_neutral_random_forest_tuned,5795,1,0,0.138783489048591,0.8612165109514089,False,0.425,false_negative,0.286216510951409,-0.0937014381044236,-0.1093184068977308,-0.1006430887493165,-0.1534791506756851,-0.0782448106319806,0.972258960957649,0.2168903703097556,0.5354799421522087,-0.6697505392372824,-0.1534791506756851,-0.1580470784389542,-0.1930581194529123,0.3581679857987965,-0.1339253341828995,-0.094444905771715,-0.2113187362365634,-0.091354317587013,-0.0634651446698338,0.0669723083017947,0.8654678990969791,0.9789706604555992,0.424557997624334,-0.1405085094287159,0.2425644039020727,-0.5383567051862455,-0.3231424687048246,0.1331119431663237,-0.923466089166598,0.1985764717759862,-1.3895580114908692,0.0,0.0,0.0,0.0,1.0,0.0,0.0,1.0,0.0,0.0,0.0,0.0,0.0,0.0,0.0,0.0,0.0,0.0,0.0,0.0,0.0,0.0,0.0,1.0,1.0,1.0,0.0,0.0,0.0,0.0,0.0,True
contributor_neutral_random_forest_tuned,5865,1,0,0.2240847543744288,0.7759152456255712,False,0.425,false_negative,0.2009152456255712,-0.1018285094164572,-0.1107738466010456,-0.1059374112417555,-0.1534791506756851,-0.0782448106319806,0.3857935404866223,0.0488740221705422,0.3509949225529026,-0.6697505392372824,-0.1534791506756851,-0.1580470784389542,-0.1930581194529123,0.3581679857987965,-0.1339253341828995,-0.094444905771715,-0.2113187362365634,-0.091354317587013,-0.0634651446698338,0.0669723083017947,0.7381468445339646,0.8796449854211016,-0.8870614097166676,-0.5625167073768849,-0.8767395512791257,-0.5383567051862455,-0.3231424687048246,-0.4417353972040099,0.5275215952761285,-0.3064735142438632,0.3609523413503089,0.0,0.0,0.0,0.0,1.0,0.0,0.0,1.0,0.0,0.0,0.0,0.0,0.0,0.0,0.0,0.0,0.0,0.0,0.0,0.0,0.0,0.0,0.0,1.0,1.0,1.0,0.0,0.0,0.0,0.0,0.0,True
contributor_neutral_random_forest_tuned,5844,1,0,0.2608143609772189,0.7391856390227811,False,0.425,false_negative,0.1641856390227811,-0.0953268523668303,-0.1085906870460733,-0.1012659502190152,-0.0412395501815552,-0.0723667644175241,-0.7871373004554308,0.0686705103198755,0.3450437928884089,-0.6697505392372824,-0.0412395501815552,-0.1580470784389542,-0.1930581194529123,0.948407363145128,0.8648398698929615,-0.094444905771715,0.0679012155474843,-0.091354317587013,-0.0634651446698338,1.3298786934213516,0.7550046902479335,0.8761499951026638,0.3055622390181148,-0.0046522142364129,0.1804015239391432,0.746060322396679,0.255803221450059,-0.3656526609785246,-0.5951883325053475,-0.3064735142438632,0.679226950957796,0.0,0.0,0.0,0.0,1.0,1.0,1.0,1.0,0.0,0.0,1.0,0.0,0.0,0.0,0.0,0.0,0.0,0.0,1.0,0.0,0.0,0.0,0.0,1.0,1.0,1.0,0.0,0.0,0.0,1.0,0.0,True
contributor_neutral_random_forest_tuned,5672,0,1,0.7082316483944465,0.7082316483944465,False,0.425,false_positive,0.28323164839444653,-0.1012867046623216,-0.1100461267493882,-0.1053145497720568,-0.1534791506756851,-0.0782448106319806,-0.9174629494489922,-0.4973060098469611,-0.636892601753059,-0.6697505392372824,-0.1534791506756851,-0.1580470784389542,-0.1930581194529123,-0.2320713915475348,-0.1339253341828995,-0.094444905771715,-0.2113187362365634,-0.091354317587013,-0.0634651446698338,-0.7749652817779098,-1.0617533859974826,-1.1317461394149064,-0.6385569878134462,-0.3156577365802952,-0.5753515812801854,-0.5383567051862455,-0.3231424687048246,-0.3741062983369118,0.5275215952761285,-1.316573486283562,1.31577617017277,0.0,0.0,0.0,0.0,0.0,0.0,0.0,0.0,0.0,0.0,0.0,0.0,0.0,0.0,0.0,0.0,0.0,0.0,0.0,0.0,0.0,0.0,0.0,0.0,1.0,0.0,0.0,0.0,0.0,0.0,0.0,True
contributor_neutral_random_forest_tuned,5807,0,1,0.6585281449804807,0.6585281449804807,False,0.425,false_positive,0.23352814498048075,0.1679902581430579,0.1926853315401051,0.1790217111454028,0.4077188517949641,0.0510722060860614,3.70909758982244,-0.4089832165653203,-0.4405053228247653,-0.6697505392372824,0.4077188517949641,0.4414418397777687,0.1961541259504389,0.948407363145128,-0.1339253341828995,-0.094444905771715,1.1847810226836757,-0.091354317587013,-0.0634651446698338,3.4347226686206134,-0.0878210972712314,-0.0098082398017858,2.4969719534908914,2.691506820435725,2.5001852049148554,2.4614962071382998,3.2249458046471617,1.4286318683391712,0.3401992191032105,1.208676443815685,0.5200896461540525,0.0,0.0,1.0,1.0,1.0,0.0,1.0,1.0,1.0,1.0,1.0,1.0,1.0,0.0,0.0,0.0,1.0,1.0,0.0,0.0,0.0,1.0,0.0,1.0,1.0,0.0,0.0,0.0,0.0,1.0,1.0,True
contributor_neutral_random_forest_tuned,5743,0,1,0.5508750538441411,0.5508750538441411,False,0.425,false_positive,0.12587505384414116,-0.0205577962961213,-0.0889422510513225,-0.0498798789688719,-0.0412395501815552,-0.0606106719886112,0.9070961364608682,0.0006518074478072,0.1189008656376466,-0.6697505392372824,-0.0412395501815552,0.04178256096662,-0.0957550581020744,-0.2320713915475348,-0.1339253341828995,0.0047335155637375,-0.0251721017138649,-0.091354317587013,-0.0634651446698338,1.7508474884612035,0.6944511216163931,0.725514855723415,1.7671901241977288,1.1255160844157903,1.54868288487585,0.746060322396679,0.9851885307800714,1.0291975031553733,-0.8707252012282738,0.1985764717759862,0.8383642557615394,0.0,0.0,1.0,1.0,0.0,0.0,1.0,0.0,1.0,1.0,0.0,1.0,1.0,0.0,0.0,1.0,0.0,0.0,0.0,0.0,0.0,0.0,0.0,1.0,1.0,1.0,0.0,0.0,0.0,1.0,0.0,True
contributor_neutral_random_forest_tuned,5923,0,1,0.4516631249921625,0.5483368750078375,False,0.425,false_positive,0.0266631249921625,-0.0947850476126947,-0.1107738466010456,-0.1018888116887139,-0.1160659505109751,-0.0782448106319806,1.4283987324351142,-0.2110183350719872,-0.1548510989290656,-0.6697505392372824,-0.1160659505109751,0.04178256096662,-0.1930581194529123,-0.2320713915475348,-0.1339253341828995,-0.094444905771715,-0.1182454189752141,-0.091354317587013,-0.0634651446698338,-0.3539964867380575,0.4354234929977618,0.471109523440003,0.3478470948576324,-0.5625167073768849,0.1109093364582505,0.0300068838240637,-0.3231424687048246,-0.2557553753194902,-1.310396138351325,-0.3064735142438632,0.3609523413503089,0.0,0.0,1.0,0.0,0.0,0.0,0.0,0.0,1.0,0.0,0.0,0.0,0.0,0.0,0.0,0.0,0.0,0.0,0.0,0.0,0.0,0.0,0.0,1.0,1.0,1.0,0.0,0.0,0.0,0.0,0.0,True
contributor_neutral_random_forest_tuned,5950,0,1,0.4568177346419689,0.5431822653580312,False,0.425,false_positive,0.03181773464196891,-0.1002030951540504,-0.1100461267493882,-0.1046916883023581,-0.1534791506756851,-0.0782448106319806,1.689050030422237,-0.4399469544399185,-0.5357233974566653,-0.6697505392372824,-0.1534791506756851,-0.1580470784389542,-0.0957550581020744,-0.2320713915475348,-0.1339253341828995,-0.094444905771715,-0.2113187362365634,-0.091354317587013,-0.0634651446698338,-0.7749652817779098,-0.2632833038027937,-0.3263261233710555,-0.3254784422399117,-0.3156577365802952,-0.3768324004907626,-0.5383567051862455,-0.3231424687048246,-0.3064771994698138,-0.1793698407344305,-0.8115235002637127,0.042677731742822,0.0,0.0,0.0,1.0,0.0,0.0,0.0,0.0,0.0,0.0,0.0,0.0,0.0,0.0,0.0,0.0,0.0,0.0,0.0,0.0,0.0,0.0,0.0,0.0,1.0,0.0,0.0,0.0,0.0,0.0,0.0,True
contributor_neutral_random_forest_tuned,5938,0,1,0.5361217388149562,0.5361217388149562,False,0.425,false_positive,0.11112173881495618,-0.1018285094164572,-0.1107738466010456,-0.1059374112417555,-0.1534791506756851,-0.0782448106319806,1.2329102589447718,-0.4714182945747561,-0.6011858237660964,-0.6697505392372824,-0.1534791506756851,-0.1580470784389542,-0.1930581194529123,-0.2320713915475348,-0.1339253341828995,-0.094444905771715,-0.2113187362365634,-0.091354317587013,-0.0634651446698338,-0.7749652817779098,-0.5470665092598822,-0.7162812460213847,-0.8870614097166676,-0.5625167073768849,-0.8767395512791257,-0.5383567051862455,-0.3231424687048246,-0.4417353972040099,0.5275215952761285,0.7036264577958357,-1.8669699259021,0.0,0.0,0.0,0.0,0.0,0.0,0.0,0.0,0.0,0.0,0.0,0.0,0.0,0.0,0.0,0.0,0.0,0.0,0.0,0.0,0.0,0.0,0.0,0.0,1.0,0.0,0.0,0.0,0.0,0.0,0.0,True
contributor_neutral_random_forest_tuned,5801,0,0,0.0789023465397998,0.9210976534602002,True,0.425,true_negative,0.34609765346020016,-0.1018285094164572,-0.1115015664527031,-0.1062488419766048,-0.1534791506756851,-0.0782448106319806,-0.2658347044811849,-0.0815797587109618,0.1486565139601153,-0.6697505392372824,-0.1534791506756851,-0.1580470784389542,-0.1930581194529123,-0.2320713915475348,-0.1339253341828995,0.0047335155637375,-0.3043920534979127,-0.091354317587013,-0.0634651446698338,-0.3539964867380575,0.6094500576673255,0.7476350464173112,-0.8870614097166676,-0.9845249053250535,-1.1159646413151367,-0.5383567051862455,-0.3231424687048246,-0.4755499466375589,-1.5931527127555485,-0.8115235002637127,-0.2755968778646649,0.0,0.0,0.0,0.0,0.0,0.0,0.0,0.0,0.0,0.0,0.0,0.0,0.0,0.0,0.0,1.0,0.0,0.0,0.0,0.0,0.0,0.0,0.0,1.0,1.0,1.0,0.0,0.0,0.0,0.0,0.0,False
contributor_neutral_random_forest_tuned,5708,0,0,0.0986105065288484,0.9013894934711516,True,0.425,true_negative,0.3263894934711516,-0.1012867046623216,-0.1100461267493882,-0.1053145497720568,-0.1534791506756851,-0.0782448106319806,-1.3736027209264574,-0.0815797587109618,0.1486565139601153,-0.6697505392372824,-0.1534791506756851,-0.1580470784389542,-0.0957550581020744,-0.2320713915475348,-0.1339253341828995,-0.094444905771715,-0.2113187362365634,-0.091354317587013,-0.0634651446698338,-0.7749652817779098,0.6094500576673255,0.7476350464173112,-0.6385569878134462,-0.3156577365802952,-0.5753515812801854,-0.5383567051862455,-0.3231424687048246,-0.3741062983369118,0.5275215952761285,1.7137264298355344,-0.9121460970796388,0.0,0.0,0.0,1.0,0.0,0.0,0.0,0.0,0.0,0.0,0.0,0.0,0.0,0.0,0.0,0.0,0.0,0.0,0.0,0.0,0.0,0.0,0.0,0.0,1.0,1.0,0.0,0.0,0.0,0.0,1.0,False
contributor_neutral_random_forest_tuned,5706,0,0,0.1012078219872587,0.8987921780127412,True,0.425,true_negative,0.3237921780127413,-0.0844907572841188,-0.1107738466010456,-0.0959716277265762,-0.1160659505109751,-0.019464348487416,-0.72197447595865,-0.0815797587109618,0.1486565139601153,-0.6697505392372824,-0.1160659505109751,-0.1580470784389542,-0.1930581194529123,0.948407363145128,-0.1339253341828995,0.0047335155637375,-0.2113187362365634,-0.091354317587013,-0.0634651446698338,0.487941103341647,0.6094500576673255,0.7476350464173112,0.849379112818657,-0.5625167073768849,0.5727386521353177,0.0300068838240637,2.2352316102481278,0.0654828442992256,-1.4684071652242734,1.7137264298355344,-0.1164595730609214,0.0,0.0,0.0,0.0,1.0,0.0,1.0,1.0,0.0,0.0,0.0,0.0,0.0,0.0,0.0,1.0,0.0,0.0,0.0,0.0,0.0,0.0,0.0,1.0,1.0,1.0,0.0,0.0,0.0,1.0,1.0,False
contributor_neutral_random_forest_tuned,5793,0,0,0.1170117902746245,0.8829882097253755,True,0.425,true_negative,0.3079882097253755,-0.0806981240051698,-0.1115015664527031,-0.0941030433174801,-0.1534791506756851,-0.0782448106319806,-0.7871373004554308,-0.0780265428892866,0.1546076436246091,-0.6697505392372824,-0.1534791506756851,-0.1580470784389542,-0.1930581194529123,0.3581679857987965,-0.1339253341828995,0.0047335155637375,-0.3043920534979127,-0.091354317587013,-0.0634651446698338,0.0669723083017947,0.6134478224529619,0.7519627846505625,0.9641186924024436,-0.9845249053250535,0.6660910791049255,-0.5383567051862455,-0.3231424687048246,0.8432174812708535,-1.5931527127555485,1.7137264298355344,0.2018150365465655,0.0,0.0,0.0,0.0,1.0,0.0,0.0,1.0,0.0,0.0,0.0,0.0,0.0,0.0,0.0,1.0,0.0,0.0,0.0,0.0,0.0,0.0,0.0,1.0,1.0,1.0,0.0,0.0,0.0,0.0,1.0,False
contributor_neutral_random_forest_tuned,5685,0,0,0.118259018841427,0.8817409811585729,True,0.425,true_negative,0.30674098115857296,-0.0953268523668303,-0.1078629671944159,-0.1009545194841658,-0.1160659505109751,-0.0723667644175241,0.1251422424994994,0.4382049557740972,0.9996680559827208,-0.6697505392372824,-0.1160659505109751,-0.1580470784389542,-0.1930581194529123,0.3581679857987965,-0.1339253341828995,-0.094444905771715,-0.1182454189752141,-0.091354317587013,-0.0634651446698338,0.0669723083017947,0.994262216121343,1.1738612547447709,0.3055622390181148,0.1063504613678735,0.2123012746642494,0.0300068838240637,0.255803221450059,-0.2050335511691666,-0.4150003194046167,1.208676443815685,-1.8669699259021,0.0,0.0,0.0,0.0,1.0,0.0,1.0,1.0,0.0,0.0,0.0,0.0,0.0,0.0,0.0,0.0,0.0,0.0,0.0,0.0,0.0,0.0,0.0,1.0,1.0,1.0,0.0,0.0,0.0,1.0,1.0,False
contributor_neutral_random_forest_tuned,5875,0,0,0.1219715341630308,0.8780284658369691,True,0.425,true_negative,0.3030284658369692,-0.0958686571209659,-0.1115015664527031,-0.102823103893262,-0.1534791506756851,-0.0782448106319806,0.972258960957649,-0.3186300142427221,-0.2976782108769155,-0.6697505392372824,-0.1534791506756851,-0.1580470784389542,-0.0957550581020744,-0.2320713915475348,-0.1339253341828995,-0.094444905771715,-0.2113187362365634,-0.091354317587013,-0.0634651446698338,-0.7749652817779098,0.2198791130193018,0.2776426569968574,0.2601424028590739,-0.9845249053250535,-0.0115982350708011,-0.5383567051862455,-0.3231424687048246,-0.1035899028685195,-1.5931527127555485,0.1985764717759862,-0.4347341826684084,0.0,0.0,0.0,1.0,0.0,0.0,0.0,0.0,0.0,0.0,0.0,0.0,0.0,0.0,0.0,0.0,0.0,0.0,0.0,0.0,0.0,0.0,0.0,0.0,1.0,1.0,0.0,0.0,0.0,0.0,0.0,False
contributor_neutral_random_forest_tuned,5900,1,1,0.8715896634104938,0.8715896634104938,True,0.425,true_positive,0.44658966341049383,-0.0113471154758165,-0.0081653475173471,-0.0100167449081546,0.1458264506419944,-0.0782448106319806,-0.3961603534747464,-0.4140592391677134,-0.494065489805209,1.1381650268020076,0.1458264506419944,-0.1580470784389542,0.6826694327046281,-0.2320713915475348,-0.1339253341828995,0.0047335155637375,0.4401944845928814,-0.091354317587013,-0.0634651446698338,2.171816283501056,-0.1125792528604669,-0.1670665310051054,1.8321673306291384,2.036999495049541,1.861564757353644,1.71768429540284,-0.3231424687048246,0.6553588733066921,0.3496585887960521,1.7137264298355344,0.8383642557615394,0.0,0.0,0.0,1.0,0.0,0.0,0.0,0.0,0.0,1.0,1.0,1.0,1.0,0.0,0.0,1.0,1.0,1.0,0.0,0.0,0.0,0.0,0.0,1.0,1.0,0.0,0.0,0.0,0.0,0.0,1.0,False
contributor_neutral_random_forest_tuned,5982,0,0,0.1286222634505494,0.8713777365494506,True,0.425,true_negative,0.2963777365494506,-0.1002030951540504,-0.1115015664527031,-0.1053145497720568,-0.1534791506756851,-0.0782448106319806,1.2329102589447718,-0.1191423259686711,-0.0834375429551406,-0.6697505392372824,-0.1534791506756851,-0.1580470784389542,-0.1930581194529123,-0.2320713915475348,-0.1339253341828995,-0.094444905771715,-0.2113187362365634,-0.091354317587013,-0.0634651446698338,-0.7749652817779098,0.5650415267586434,0.5485576322257394,-0.3254784422399117,-0.9845249053250535,-0.5753515812801854,-0.5383567051862455,-0.3231424687048246,-0.3741062983369118,-1.5931527127555485,-0.8115235002637127,-2.026107230705843,0.0,0.0,0.0,0.0,0.0,0.0,0.0,0.0,0.0,0.0,0.0,0.0,0.0,0.0,0.0,0.0,0.0,0.0,0.0,0.0,0.0,0.0,0.0,0.0,1.0,1.0,0.0,0.0,0.0,0.0,0.0,False
contributor_neutral_random_forest_tuned,5731,1,1,0.8678538735161029,0.8678538735161029,True,0.425,true_positive,0.4428538735161029,-0.0601095433480181,0.0951708714180087,0.0061776533040117,0.2206528509714143,-0.0782448106319806,-0.3309975289779657,-0.3942627510183801,-0.494065489805209,-0.6697505392372824,0.2206528509714143,0.04178256096662,0.0988510645996011,0.948407363145128,-0.1339253341828995,-0.094444905771715,0.7194144363769291,-0.091354317587013,-0.0634651446698338,2.592785078540908,-0.0224346811761841,-0.1670665310051054,1.366096642470109,2.456875189471119,1.952784869249253,1.9732548298363852,-0.3231424687048246,0.6034415852875057,1.734314157305204,-0.8115235002637127,0.3609523413503089,0.0,0.0,1.0,1.0,1.0,0.0,0.0,1.0,1.0,1.0,1.0,1.0,1.0,0.0,0.0,0.0,1.0,1.0,0.0,0.0,0.0,0.0,0.0,1.0,1.0,0.0,0.0,0.0,0.0,0.0,0.0,False
contributor_neutral_random_forest_tuned,5800,1,1,0.8672333902747082,0.8672333902747082,True,0.425,true_positive,0.44223339027470826,-0.0996612903999149,-0.1078629671944159,-0.1034459653629607,-0.0786527503462652,-0.0782448106319806,-1.0477885984425537,-0.5105036686131833,-0.6666482500755276,-0.6697505392372824,-0.0786527503462652,-0.1580470784389542,-0.0957550581020744,0.3581679857987965,-0.1339253341828995,-0.094444905771715,-0.0251721017138649,-0.091354317587013,-0.0634651446698338,-0.3539964867380575,-2.6607436936541022,-2.2057073092032726,-0.2137358726191234,0.1063504613678735,-0.1101604236420761,0.4332672678199153,-0.3231424687048246,-0.3966493312926112,0.5275215952761285,-0.8115235002637127,1.1566388653690265,0.0,0.0,0.0,1.0,1.0,0.0,0.0,1.0,0.0,0.0,0.0,0.0,0.0,0.0,0.0,0.0,0.0,0.0,0.0,0.0,0.0,0.0,0.0,1.0,0.0,0.0,0.0,0.0,0.0,0.0,0.0,False
contributor_neutral_random_forest_tuned,5732,0,0,0.1450317650624156,0.8549682349375843,True,0.425,true_negative,0.2799682349375844,-0.1012867046623216,-0.1107738466010456,-0.1056259805069061,-0.1160659505109751,-0.0723667644175241,-2.1555566148878262,-0.0815797587109618,0.1486565139601153,-0.6697505392372824,-0.1160659505109751,-0.1580470784389542,-0.0957550581020744,-0.2320713915475348,-0.1339253341828995,0.0047335155637375,-0.2113187362365634,-0.091354317587013,-0.0634651446698338,0.0669723083017947,0.6094500576673255,0.7476350464173112,-0.6385569878134462,-0.5625167073768849,-0.7070066487240076,0.0300068838240637,0.255803221450059,-0.4586426719207844,-0.1793698407344305,-0.3064735142438632,-0.7530087922758953,0.0,0.0,0.0,1.0,0.0,0.0,1.0,0.0,0.0,0.0,0.0,0.0,0.0,0.0,0.0,1.0,0.0,0.0,0.0,0.0,0.0,0.0,0.0,1.0,1.0,1.0,1.0,0.0,0.0,1.0,0.0,False
contributor_neutral_random_forest_tuned,5824,0,0,0.146867113846438,0.8531328861535619,True,0.425,true_negative,0.278132886153562,-0.0964104618751014,-0.1115015664527031,-0.1031345346281113,-0.1534791506756851,-0.0782448106319806,1.3632359079383334,-0.3465481385558844,-0.4047985448378028,-0.6697505392372824,-0.1534791506756851,-0.1580470784389542,-0.0957550581020744,-0.2320713915475348,-0.1339253341828995,-0.094444905771715,-0.2113187362365634,-0.091354317587013,-0.0634651446698338,-0.3539964867380575,0.1438104237366836,0.0759648519962177,0.2110852425751994,-0.9845249053250535,-0.0588235660968675,-0.5383567051862455,-0.3231424687048246,-0.1374044523020686,-1.5931527127555485,-1.316573486283562,0.679226950957796,0.0,0.0,0.0,1.0,0.0,0.0,0.0,0.0,0.0,0.0,0.0,0.0,0.0,0.0,0.0,0.0,0.0,0.0,0.0,0.0,0.0,0.0,0.0,1.0,1.0,0.0,0.0,0.0,0.0,0.0,0.0,False
contributor_neutral_random_forest_tuned,5730,1,1,0.8513958101035224,0.8513958101035224,True,0.425,true_positive,0.4263958101035224,-0.1002030951540504,-0.1085906870460733,-0.1040688268326594,-0.0786527503462652,-0.0782448106319806,-1.0477885984425537,-0.5105036686131833,-0.6666482500755276,-0.6697505392372824,-0.0786527503462652,-0.1580470784389542,-0.0957550581020744,0.3581679857987965,-0.1339253341828995,-0.094444905771715,-0.0251721017138649,-0.091354317587013,-0.0634651446698338,-0.3539964867380575,-2.6607436936541022,-2.2057073092032726,-0.3254784422399117,-0.0046522142364129,-0.2285564686519853,0.4332672678199153,-0.3231424687048246,-0.4191923642483106,0.5275215952761285,-0.8115235002637127,0.2018150365465655,0.0,0.0,0.0,1.0,1.0,0.0,0.0,1.0,0.0,0.0,0.0,0.0,0.0,0.0,0.0,0.0,0.0,0.0,0.0,0.0,0.0,0.0,0.0,1.0,0.0,0.0,0.0,0.0,0.0,0.0,0.0,False
contributor_neutral_random_forest_tuned,5717,0,0,0.1523889227820408,0.8476110772179593,True,0.425,true_negative,0.2726110772179592,-0.089367000071339,-0.101313488529499,-0.0947259047871788,-0.1534791506756851,-0.0723667644175241,1.5587243814286755,0.093543021071602,0.3688483115463839,-0.6697505392372824,-0.1534791506756851,-0.1580470784389542,-0.0957550581020744,-0.2320713915475348,-0.1339253341828995,-0.094444905771715,-0.2113187362365634,-0.091354317587013,-0.0634651446698338,-0.3539964867380575,0.7753870908273608,0.8900093210267701,0.6609256404311671,0.6642149545083453,0.6365848475563388,-0.5383567051862455,0.255803221450059,0.7755883824037554,-0.030550591047997,1.208676443815685,1.31577617017277,0.0,0.0,0.0,1.0,0.0,0.0,1.0,0.0,0.0,0.0,0.0,0.0,0.0,0.0,0.0,0.0,0.0,0.0,0.0,0.0,0.0,0.0,0.0,1.0,1.0,1.0,0.0,0.0,0.0,1.0,1.0,False
contributor_neutral_random_forest_tuned,5917,1,1,0.8399413893322969,0.8399413893322969,True,0.425,true_positive,0.4149413893322969,-0.0503570577735778,-0.0489176592101636,-0.0498798789688719,0.0710000503125745,-0.0782448106319806,0.0599794180027187,-0.339441706912534,-0.3571895075218529,-0.6697505392372824,0.0710000503125745,0.641271479183343,0.0015480032487633,-0.2320713915475348,-0.1339253341828995,-0.094444905771715,0.3471211673315321,-0.091354317587013,-0.0634651446698338,1.7508474884612035,0.1643336164389447,0.1740425518183991,1.491899808892278,1.7344500688399436,1.54868288487585,1.4048912408260767,-0.3231424687048246,0.369813789201167,0.4110010289007615,0.1985764717759862,1.31577617017277,0.0,0.0,1.0,1.0,0.0,0.0,0.0,0.0,1.0,1.0,1.0,1.0,1.0,0.0,0.0,0.0,1.0,0.0,0.0,0.0,0.0,0.0,0.0,1.0,1.0,1.0,0.0,0.0,0.0,0.0,0.0,False
contributor_neutral_random_forest_tuned,5765,0,0,0.1637353947600335,0.8362646052399665,True,0.425,true_negative,0.26126460523996653,-0.0958686571209659,-0.1107738466010456,-0.1025116731584126,-0.1534791506756851,-0.0723667644175241,-0.2006718799844042,-0.2282768119201239,-0.2084112659095093,-0.6697505392372824,-0.1534791506756851,-0.1580470784389542,-0.1930581194529123,-0.2320713915475348,0.8648398698929615,-0.094444905771715,-0.2113187362365634,-0.091354317587013,-0.0634651446698338,0.0669723083017947,0.4066777077051172,0.4056566535917358,0.2601424028590739,-0.5625167073768849,0.0321255921003666,-0.5383567051862455,0.255803221450059,-0.0697753534349705,-1.266895126904521,1.7137264298355344,0.679226950957796,0.0,0.0,0.0,0.0,0.0,1.0,1.0,0.0,0.0,0.0,0.0,0.0,0.0,0.0,0.0,0.0,0.0,0.0,1.0,0.0,0.0,0.0,0.0,1.0,1.0,1.0,0.0,0.0,0.0,1.0,1.0,False
contributor_neutral_random_forest_tuned,5678,0,0,0.170332752841753,0.8296672471582469,True,0.425,true_negative,0.25466724715824696,-0.100744899908186,-0.1115015664527031,-0.1056259805069061,-0.1534791506756851,-0.0782448106319806,0.9070961364608682,0.1412576335340976,0.3390926632239152,-0.6697505392372824,-0.1534791506756851,-0.1580470784389542,-0.1930581194529123,0.3581679857987965,-0.1339253341828995,-0.094444905771715,-0.2113187362365634,-0.091354317587013,-0.0634651446698338,-0.3539964867380575,0.8122420651437039,0.8726345061901035,-0.4622402945223449,-0.9845249053250535,-0.7070066487240076,-0.5383567051862455,-0.3231424687048246,-0.4079208477704609,-1.5931527127555485,1.7137264298355344,0.042677731742822,0.0,0.0,0.0,0.0,1.0,0.0,0.0,1.0,0.0,0.0,0.0,0.0,0.0,0.0,0.0,0.0,0.0,0.0,0.0,0.0,0.0,0.0,0.0,1.0,1.0,1.0,0.0,0.0,0.0,0.0,1.0,False
contributor_neutral_random_forest_tuned,5924,1,1,0.8285092072075587,0.8285092072075587,True,0.425,true_positive,0.40350920720755873,-0.100744899908186,-0.1093184068977308,-0.1046916883023581,-0.0786527503462652,-0.0782448106319806,-1.0477885984425537,-0.5105036686131833,-0.6666482500755276,-0.6697505392372824,-0.0786527503462652,-0.1580470784389542,-0.0957550581020744,0.3581679857987965,-0.1339253341828995,-0.094444905771715,-0.0251721017138649,-0.091354317587013,-0.0634651446698338,-0.3539964867380575,-2.6607436936541022,-2.2057073092032726,-0.4622402945223449,-0.1405085094287159,-0.3768324004907626,0.4332672678199153,-0.3231424687048246,-0.4417353972040099,0.5275215952761285,0.1985764717759862,-1.5486953162946129,0.0,0.0,0.0,1.0,1.0,0.0,0.0,1.0,0.0,0.0,0.0,0.0,0.0,0.0,0.0,0.0,0.0,0.0,0.0,0.0,0.0,0.0,0.0,1.0,0.0,0.0,0.0,0.0,0.0,0.0,0.0,False
contributor_neutral_random_forest_tuned,5788,0,0,0.1729744446401685,0.8270255553598315,True,0.425,true_negative,0.2520255553598315,-0.0828653430217121,-0.1115015664527031,-0.0953487662568775,-0.0786527503462652,-0.0723667644175241,0.711607662970526,-0.0445247937134917,0.0772429579861904,-0.6697505392372824,-0.0786527503462652,-0.1580470784389542,0.0988510645996011,-0.2320713915475348,-0.1339253341828995,0.10391193689919,-0.2113187362365634,-0.091354317587013,-0.0634651446698338,0.487941103341647,0.6496047306117279,0.6931075503903792,0.901203263428318,-0.9845249053250535,0.6055249569984505,0.4332672678199153,0.255803221450059,-0.1035899028685195,-1.5931527127555485,0.1985764717759862,0.8383642557615394,1.0,0.0,0.0,1.0,0.0,0.0,1.0,0.0,0.0,0.0,0.0,0.0,0.0,0.0,0.0,1.0,0.0,1.0,0.0,0.0,0.0,0.0,0.0,1.0,1.0,1.0,0.0,0.0,0.0,1.0,0.0,False
contributor_neutral_random_forest_tuned,5750,0,0,0.1800745943759512,0.8199254056240488,True,0.425,true_negative,0.2449254056240488,-0.0920760238420169,-0.1115015664527031,-0.1006430887493165,-0.1534791506756851,-0.0782448106319806,2.145189801899702,-0.2018814943876795,-0.190557876916028,-0.6697505392372824,-0.1534791506756851,-0.1580470784389542,-0.0957550581020744,-0.2320713915475348,0.8648398698929615,-0.094444905771715,-0.2113187362365634,-0.091354317587013,-0.0634651446698338,-0.3539964867380575,0.4499792217531786,0.4282777963761062,0.5241637881487338,-0.9845249053250535,0.2425644039020727,-0.5383567051862455,-0.3231424687048246,0.1331119431663237,-1.5931527127555485,-0.8115235002637127,-1.8669699259021,0.0,0.0,0.0,1.0,0.0,1.0,0.0,0.0,0.0,0.0,0.0,0.0,0.0,0.0,0.0,0.0,0.0,0.0,1.0,0.0,0.0,0.0,0.0,1.0,1.0,1.0,0.0,0.0,0.0,0.0,0.0,False
contributor_neutral_random_forest_tuned,5845,0,0,0.1837084330212118,0.8162915669787882,True,0.425,true_negative,0.2412915669787882,-0.0747382717096785,-0.1115015664527031,-0.0906773052341372,-0.1160659505109751,-0.0723667644175241,1.4283987324351142,0.2387172675000462,0.6247468871196149,-0.6697505392372824,-0.1160659505109751,-0.1580470784389542,0.0015480032487633,-0.2320713915475348,-0.1339253341828995,-0.094444905771715,-0.1182454189752141,-0.091354317587013,-0.0634651446698338,0.0669723083017947,0.879801917584972,1.0217005631513991,1.10978463324772,-0.9845249053250535,0.8063177501114575,0.0300068838240637,0.255803221450059,0.3529065144843924,-1.5931527127555485,1.7137264298355344,-1.0712834018833823,0.0,0.0,0.0,1.0,0.0,0.0,1.0,0.0,0.0,0.0,0.0,0.0,0.0,0.0,0.0,0.0,0.0,0.0,0.0,0.0,0.0,0.0,0.0,1.0,1.0,1.0,0.0,0.0,0.0,1.0,1.0,False
contributor_neutral_random_forest_tuned,5693,0,0,0.1844267433571541,0.815573256642846,True,0.425,true_negative,0.2405732566428459,-0.0834071477758477,-0.1115015664527031,-0.0956601969917268,-0.1534791506756851,-0.0782448106319806,2.275515450893264,-0.11254349658556,-0.0715352836261531,-0.6697505392372824,-0.1534791506756851,0.04178256096662,-0.1930581194529123,-0.2320713915475348,-0.1339253341828995,-0.094444905771715,-0.2113187362365634,-0.091354317587013,-0.0634651446698338,-0.3539964867380575,0.5731432042614978,0.5605458146697238,0.8844107796727436,-0.9845249053250535,0.5893595165302724,-0.5383567051862455,-0.3231424687048246,0.6741447341031083,-1.5931527127555485,0.1985764717759862,-0.9121460970796388,0.0,0.0,1.0,0.0,0.0,0.0,0.0,0.0,1.0,0.0,0.0,0.0,0.0,0.0,0.0,0.0,0.0,0.0,0.0,0.0,0.0,0.0,0.0,1.0,1.0,1.0,0.0,0.0,0.0,0.0,0.0,False
contributor_neutral_random_forest_tuned,5966,0,0,0.2086064857028995,0.7913935142971005,True,0.425,true_negative,0.2163935142971005,-0.1002030951540504,-0.1100461267493882,-0.1046916883023581,-0.1534791506756851,-0.0782448106319806,1.6238872059254563,0.3869371274899263,0.737818350744996,-0.6697505392372824,-0.1534791506756851,-0.1580470784389542,-0.1930581194529123,-0.2320713915475348,-0.1339253341828995,-0.094444905771715,-0.2113187362365634,-0.091354317587013,-0.0634651446698338,-0.7749652817779098,0.967324486331253,1.0717885637091071,-0.3254784422399117,-0.3156577365802952,-0.3768324004907626,-0.5383567051862455,-0.3231424687048246,-0.3064771994698138,-0.1793698407344305,0.7036264577958357,1.31577617017277,0.0,0.0,0.0,0.0,0.0,0.0,0.0,0.0,0.0,0.0,0.0,0.0,0.0,0.0,0.0,0.0,0.0,0.0,0.0,0.0,0.0,0.0,0.0,0.0,1.0,1.0,0.0,0.0,0.0,0.0,0.0,False
contributor_neutral_random_forest_tuned,5701,1,1,0.7910186909319855,0.7910186909319855,True,0.425,true_positive,0.3660186909319855,-0.0996612903999149,-0.1100461267493882,-0.1043802575675087,-0.1534791506756851,-0.0782448106319806,-0.0703462309908427,-0.5049200437505509,-0.6547459907465402,1.1381650268020076,-0.1534791506756851,-0.1580470784389542,-0.0957550581020744,-0.2320713915475348,-0.1339253341828995,-0.094444905771715,-0.2113187362365634,-0.091354317587013,-0.0634651446698338,-0.7749652817779098,-1.4551798839199357,-1.547211032808428,-0.2137358726191234,-0.3156577365802952,-0.2980486561328784,-0.5383567051862455,-0.3231424687048246,-0.2726626500362647,-0.381338822451733,1.208676443815685,1.4749134749765134,0.0,0.0,0.0,1.0,0.0,0.0,0.0,0.0,0.0,0.0,0.0,0.0,0.0,0.0,0.0,0.0,0.0,0.0,0.0,0.0,0.0,0.0,0.0,0.0,1.0,0.0,0.0,0.0,0.0,0.0,1.0,False
contributor_neutral_random_forest_tuned,5737,1,1,0.78110400338865,0.78110400338865,True,0.425,true_positive,0.35610400338865006,-0.1018285094164572,-0.1107738466010456,-0.1059374112417555,-0.1534791506756851,-0.0782448106319806,-0.5916488269650886,-0.387663921635269,-0.4762121008117278,1.1381650268020076,-0.1534791506756851,-0.1580470784389542,-0.0957550581020744,-0.2320713915475348,-0.1339253341828995,-0.094444905771715,-0.2113187362365634,-0.091354317587013,-0.0634651446698338,-0.7749652817779098,0.0042401524402636,-0.1099386441691054,-0.8870614097166676,-0.5625167073768849,-0.8767395512791257,-0.5383567051862455,-0.3231424687048246,-0.4417353972040099,0.5275215952761285,1.7137264298355344,0.3609523413503089,0.0,0.0,0.0,1.0,0.0,0.0,0.0,0.0,0.0,0.0,0.0,0.0,0.0,0.0,0.0,0.0,0.0,0.0,0.0,0.0,0.0,0.0,0.0,0.0,1.0,0.0,0.0,0.0,0.0,0.0,1.0,False
contributor_neutral_random_forest_tuned,5780,0,0,0.2218295668836324,0.7781704331163676,True,0.425,true_negative,0.2031704331163676,-0.0839489525299833,-0.1107738466010456,-0.0956601969917268,-0.0786527503462652,-0.0664887182030677,0.0599794180027187,0.235164051678371,0.6902093134290461,-0.6697505392372824,-0.0786527503462652,0.04178256096662,-0.0957550581020744,-0.2320713915475348,-0.1339253341828995,-0.094444905771715,-0.0251721017138649,-0.091354317587013,-0.0634651446698338,0.0669723083017947,0.8774971409605954,1.0512066569085157,0.8671452064948705,-0.5625167073768849,0.5893595165302724,0.4332672678199153,0.6665717256942094,-0.1148614193463692,-1.4719713237251668,-0.3064735142438632,-0.2755968778646649,0.0,0.0,1.0,1.0,0.0,0.0,1.0,0.0,1.0,0.0,0.0,0.0,0.0,0.0,0.0,0.0,0.0,0.0,0.0,0.0,0.0,0.0,0.0,1.0,1.0,1.0,0.0,0.0,0.0,1.0,0.0,False
contributor_neutral_random_forest_tuned,5928,1,1,0.7695051335576479,0.7695051335576479,True,0.425,true_positive,0.34450513355764795,0.0027398081317082,-0.0532839783201082,-0.0212282513627313,0.1832396508067043,-0.0782448106319806,0.711607662970526,-0.1922370514431325,-0.0596330242971657,-0.6697505392372824,0.1832396508067043,0.8411011185889173,0.0015480032487633,-0.2320713915475348,-0.1339253341828995,-0.094444905771715,0.6263411191155799,-0.091354317587013,-0.0634651446698338,1.7508474884612035,0.4648840912429383,0.5722989194986297,1.9198720226276969,1.6909437696539804,1.788981681610085,1.8512860154510984,-0.3231424687048246,0.4171541584081356,-0.3548027518611386,0.7036264577958357,-1.5486953162946129,0.0,0.0,1.0,1.0,0.0,0.0,0.0,0.0,1.0,1.0,1.0,1.0,1.0,0.0,0.0,0.0,1.0,0.0,0.0,0.0,0.0,0.0,0.0,1.0,1.0,1.0,0.0,0.0,0.0,0.0,0.0,False
contributor_neutral_random_forest_tuned,5812,1,1,0.7599850647998042,0.7599850647998042,True,0.425,true_positive,0.3349850647998042,0.3196955893010182,0.621312324166335,0.449655019729491,1.1559828550891629,-0.0782448106319806,-0.5264860024683079,1.2747334806484891,2.7254956586859067,-0.6697505392372824,1.1559828550891629,0.8411011185889173,1.753003107563844,-0.2320713915475348,0.8648398698929615,-0.094444905771715,3.0462473679106603,-0.091354317587013,-0.0634651446698338,3.855691463660465,1.3008576898865671,1.5988488590647434,2.769514253016343,3.2259690156155902,2.893183029336672,3.551649098110309,-0.3231424687048246,1.1682128730488528,0.7982459750248531,0.7036264577958357,1.4749134749765134,0.0,0.0,1.0,1.0,0.0,1.0,0.0,0.0,1.0,1.0,1.0,1.0,1.0,1.0,1.0,0.0,1.0,1.0,1.0,0.0,0.0,0.0,0.0,1.0,1.0,1.0,0.0,1.0,0.0,0.0,0.0,False
contributor_neutral_random_forest_tuned,5885,0,0,0.240497102721175,0.7595028972788249,True,0.425,true_negative,0.184502897278825,-0.0720292479390007,-0.1115015664527031,-0.0891201515598904,-0.1534791506756851,-0.0782448106319806,1.6238872059254563,-0.1501060638432694,-0.1072420616131156,-0.6697505392372824,-0.1534791506756851,-0.1580470784389542,-0.0957550581020744,-0.2320713915475348,-0.1339253341828995,-0.094444905771715,-0.2113187362365634,-0.091354317587013,-0.0634651446698338,-0.3539964867380575,0.5251074257130217,0.523837050722775,1.1660523157123046,-0.9845249053250535,0.8604843572913896,-0.5383567051862455,-0.3231424687048246,1.384250272207638,-1.5931527127555485,1.208676443815685,1.1566388653690265,0.0,0.0,0.0,1.0,0.0,0.0,0.0,0.0,0.0,0.0,0.0,1.0,0.0,0.0,0.0,0.0,0.0,0.0,0.0,0.0,0.0,0.0,0.0,1.0,1.0,1.0,0.0,0.0,0.0,0.0,1.0,False
contributor_neutral_random_forest_tuned,5761,0,0,0.2475308129972443,0.7524691870027557,True,0.425,true_negative,0.17746918700275569,-0.1002030951540504,-0.1100461267493882,-0.1046916883023581,-0.1534791506756851,-0.0723667644175241,2.5361667488803863,-0.3155844006812862,-0.3036293405414092,-0.6697505392372824,-0.1534791506756851,-0.1580470784389542,-0.1930581194529123,-0.2320713915475348,-0.1339253341828995,-0.094444905771715,-0.2113187362365634,-0.091354317587013,-0.0634651446698338,-0.3539964867380575,0.2274994984878723,0.2680522261357105,-0.3254784422399117,-0.3156577365802952,-0.3768324004907626,-0.5383567051862455,0.255803221450059,-0.3064771994698138,-0.1793698407344305,-0.8115235002637127,0.679226950957796,0.0,0.0,0.0,0.0,0.0,0.0,1.0,0.0,0.0,0.0,0.0,0.0,0.0,0.0,0.0,0.0,0.0,0.0,0.0,0.0,0.0,0.0,0.0,1.0,1.0,1.0,0.0,0.0,0.0,1.0,0.0,False
contributor_neutral_random_forest_tuned,5903,1,1,0.7501930989924027,0.7501930989924027,True,0.425,true_positive,0.32519309899240273,-0.1012867046623216,-0.1056798076394436,-0.1034459653629607,-0.1160659505109751,-0.0782448106319806,0.5812820139769646,-0.3851259103340724,-0.4286030634957778,1.1381650268020076,-0.1160659505109751,-0.1580470784389542,-0.0957550581020744,-0.2320713915475348,-0.1339253341828995,-0.094444905771715,-0.1182454189752141,-0.091354317587013,-0.0634651446698338,-0.7749652817779098,0.0141214424231812,0.0201674632456278,-0.6385569878134462,0.3532094321644635,-0.1101604236420761,0.0300068838240637,-0.3231424687048246,-0.3402917489033628,1.7999261800951347,-0.8115235002637127,-0.7530087922758953,0.0,0.0,0.0,1.0,0.0,0.0,0.0,0.0,0.0,0.0,0.0,0.0,0.0,0.0,0.0,0.0,0.0,0.0,0.0,0.0,0.0,0.0,0.0,0.0,1.0,0.0,0.0,0.0,0.0,0.0,0.0,False
contributor_neutral_random_forest_tuned,5671,1,1,0.7464979599813685,0.7464979599813685,True,0.425,true_positive,0.3214979599813685,-0.1012867046623216,-0.1100461267493882,-0.1053145497720568,-0.1534791506756851,-0.0782448106319806,-0.9174629494489922,-0.4008615804014912,-0.4881143601407153,1.1381650268020076,-0.1534791506756851,-0.1580470784389542,-0.0957550581020744,-0.2320713915475348,-0.1339253341828995,-0.094444905771715,-0.2113187362365634,-0.091354317587013,-0.0634651446698338,-0.3539964867380575,-0.0506619225475968,-0.1474126672578111,-0.6385569878134462,-0.3156577365802952,-0.5753515812801854,-0.5383567051862455,-0.3231424687048246,-0.3741062983369118,0.5275215952761285,1.208676443815685,1.4749134749765134,0.0,0.0,0.0,1.0,0.0,0.0,0.0,0.0,0.0,0.0,0.0,0.0,0.0,0.0,0.0,0.0,0.0,0.0,0.0,0.0,0.0,0.0,0.0,1.0,1.0,0.0,0.0,0.0,0.0,0.0,1.0,False
contributor_neutral_random_forest_tuned,5799,1,1,0.7364443964106189,0.7364443964106189,True,0.425,true_positive,0.3114443964106189,-0.0682366146600517,-0.0882145311996651,-0.0769743529007656,-0.0786527503462652,-0.0782448106319806,0.4509563649834031,-0.2775142311633375,-0.2441180438964718,1.1381650268020076,-0.0786527503462652,0.04178256096662,-0.0957550581020744,-0.2320713915475348,-0.1339253341828995,-0.094444905771715,-0.0251721017138649,-0.091354317587013,-0.0634651446698338,0.9089098983814992,0.3138488390814625,0.3576799237669816,1.2370441662549467,1.144250766725747,1.1680504116765198,0.4332672678199153,-0.3231424687048246,0.5614295693246115,-0.1644879157657871,-0.8115235002637127,0.3609523413503089,0.0,0.0,1.0,1.0,0.0,0.0,0.0,0.0,1.0,1.0,0.0,1.0,1.0,0.0,0.0,0.0,0.0,0.0,0.0,0.0,0.0,0.0,0.0,1.0,1.0,1.0,0.0,0.0,0.0,0.0,0.0,False
contributor_neutral_random_forest_tuned,5735,0,0,0.2763623478734107,0.7236376521265893,True,0.425,true_negative,0.1486376521265893,-0.093159633350288,-0.1115015664527031,-0.1012659502190152,-0.1160659505109751,-0.0782448106319806,2.796818046867509,0.0341535566236021,0.1189008656376466,-0.6697505392372824,-0.1160659505109751,0.04178256096662,-0.1930581194529123,-0.2320713915475348,-0.1339253341828995,-0.094444905771715,-0.1182454189752141,-0.091354317587013,-0.0634651446698338,0.487941103341647,0.7252205103605578,0.725514855723415,0.4595896644784207,-0.9845249053250535,0.1804015239391432,0.0300068838240637,-0.3231424687048246,-0.2219408258859412,-1.5931527127555485,0.7036264577958357,1.4749134749765134,0.0,0.0,1.0,0.0,0.0,0.0,0.0,0.0,1.0,0.0,0.0,0.0,0.0,0.0,0.0,0.0,0.0,0.0,0.0,0.0,0.0,1.0,0.0,1.0,1.0,1.0,0.0,0.0,0.0,0.0,0.0,False
contributor_neutral_random_forest_tuned,5899,1,1,0.7210183361333279,0.7210183361333279,True,0.425,true_positive,0.2960183361333279,-0.0877415858089323,-0.1049520877877861,-0.0953487662568775,-0.0786527503462652,-0.0782448106319806,-0.3961603534747464,-0.5044124414903116,-0.6547459907465402,-0.6697505392372824,-0.0786527503462652,-0.1580470784389542,-0.0957550581020744,-0.2320713915475348,-0.1339253341828995,-0.094444905771715,-0.0251721017138649,-0.091354317587013,-0.0634651446698338,-0.7749652817779098,-1.416346798736402,-1.547211032808428,0.7303833542124377,0.4173559837117559,0.6055249569984505,0.4332672678199153,-0.3231424687048246,-0.1035899028685195,-0.5328155587397099,1.7137264298355344,-1.5486953162946129,0.0,0.0,0.0,1.0,0.0,0.0,0.0,0.0,0.0,0.0,0.0,0.0,0.0,0.0,0.0,0.0,0.0,0.0,0.0,0.0,0.0,0.0,0.0,0.0,1.0,0.0,0.0,0.0,0.0,0.0,1.0,False
contributor_neutral_random_forest_tuned,5898,1,1,0.7193300329379627,0.7193300329379627,True,0.425,true_positive,0.2943300329379627,-0.0947850476126947,-0.1093184068977308,-0.1012659502190152,-0.0412395501815552,-0.0782448106319806,-0.8523001249522115,-0.5044124414903116,-0.6547459907465402,-0.6697505392372824,-0.0412395501815552,-0.1580470784389542,0.0015480032487633,-0.2320713915475348,-0.1339253341828995,-0.094444905771715,0.0679012155474843,-0.091354317587013,-0.0634651446698338,-0.3539964867380575,-1.416346798736402,-1.547211032808428,0.3478470948576324,-0.1405085094287159,0.1804015239391432,0.746060322396679,-0.3231424687048246,-0.3656526609785246,-0.8446794275678977,1.7137264298355344,-2.026107230705843,0.0,0.0,0.0,1.0,0.0,0.0,0.0,0.0,0.0,0.0,1.0,0.0,0.0,0.0,0.0,0.0,0.0,0.0,0.0,0.0,0.0,0.0,0.0,1.0,1.0,0.0,0.0,0.0,0.0,0.0,1.0,False
contributor_neutral_random_forest_tuned,5955,0,0,0.2864026689568019,0.713597331043198,True,0.425,true_negative,0.1385973310431981,-0.0947850476126947,-0.1107738466010456,-0.1018888116887139,-0.1160659505109751,-0.0782448106319806,1.5587243814286755,-0.0059470219353038,0.1069986063086591,-0.6697505392372824,-0.1160659505109751,0.04178256096662,-0.1930581194529123,-0.2320713915475348,-0.1339253341828995,-0.094444905771715,-0.1182454189752141,-0.091354317587013,-0.0634651446698338,-0.3539964867380575,0.6881534701623842,0.716433028322027,0.3478470948576324,-0.5625167073768849,0.1109093364582505,0.0300068838240637,-0.3231424687048246,-0.2557553753194902,-1.310396138351325,1.7137264298355344,0.8383642557615394,0.0,0.0,1.0,0.0,0.0,0.0,0.0,0.0,1.0,0.0,0.0,0.0,0.0,0.0,0.0,0.0,0.0,0.0,0.0,0.0,0.0,0.0,0.0,1.0,1.0,1.0,0.0,0.0,0.0,0.0,1.0,False
contributor_neutral_random_forest_tuned,5818,1,1,0.7112737076299867,0.7112737076299867,True,0.425,true_positive,0.28627370762998666,-0.0118889202299521,-0.0591057371333677,-0.0321283270824587,0.0335868501478646,-0.0782448106319806,-0.005183406494062,0.4696762959089347,1.0294237043051897,-0.6697505392372824,0.0335868501478646,0.2416122003721943,-0.0957550581020744,-0.2320713915475348,-0.1339253341828995,-0.094444905771715,0.2540478500701829,-0.091354317587013,-0.0634651446698338,1.7508474884612035,1.0100866505686446,1.184432765836214,1.8285300065043049,1.6276318023832217,1.708663471711471,1.2177126648156034,-0.3231424687048246,0.8375817230319287,-0.3154242593808141,1.208676443815685,-2.026107230705843,0.0,0.0,1.0,1.0,0.0,0.0,0.0,0.0,1.0,1.0,1.0,1.0,1.0,0.0,0.0,0.0,0.0,0.0,0.0,0.0,0.0,0.0,0.0,1.0,1.0,1.0,0.0,0.0,0.0,0.0,1.0,False
contributor_neutral_random_forest_tuned,5772,0,0,0.3022027740657466,0.6977972259342534,True,0.425,true_negative,0.1227972259342534,174.02717600795282,-0.1115015664527031,99.98354073905256,35.35164780563405,-0.0664887182030677,-1.7645796679071415,-0.0815797587109618,0.1486565139601153,-0.6697505392372824,35.35164780563405,0.04178256096662,0.0988510645996011,1.538646740491459,9.85372670657571,94.02587694157276,-0.2113187362365634,-0.091354317587013,-0.0634651446698338,3.0137538735807605,0.6094500576673255,0.7476350464173112,6.459778399469654,-0.9845249053250535,5.956538943821124,8.102588261370267,0.6665717256942094,10.930204360086217,-1.5931527127555485,1.208676443815685,-0.7530087922758953,0.0,0.0,1.0,1.0,1.0,1.0,1.0,1.0,1.0,0.0,0.0,1.0,1.0,0.0,0.0,1.0,1.0,1.0,1.0,0.0,0.0,0.0,0.0,1.0,1.0,1.0,1.0,0.0,0.0,1.0,1.0,False
contributor_neutral_random_forest_tuned,5700,1,1,0.6951999739420075,0.6951999739420075,True,0.425,true_positive,0.2701999739420075,-0.0947850476126947,-0.1020412083811564,-0.0981516428705217,-0.1534791506756851,-0.0782448106319806,0.1251422424994994,-0.442484965741115,-0.5535767864501465,1.1381650268020076,-0.1534791506756851,-0.1580470784389542,-0.1930581194529123,-0.2320713915475348,-0.1339253341828995,-0.094444905771715,-0.2113187362365634,-0.091354317587013,-0.0634651446698338,-0.7749652817779098,-0.2809272324636294,-0.4100979140064285,0.3478470948576324,0.6222100842815667,0.4410835846914958,-0.5383567051862455,-0.3231424687048246,0.403628338634716,0.448978102386066,1.208676443815685,1.4749134749765134,0.0,0.0,0.0,0.0,0.0,0.0,0.0,0.0,0.0,0.0,0.0,0.0,0.0,0.0,0.0,0.0,0.0,0.0,0.0,0.0,0.0,0.0,0.0,0.0,1.0,0.0,0.0,0.0,0.0,0.0,1.0,False
contributor_neutral_random_forest_tuned,5767,0,0,0.3066305190494907,0.6933694809505093,True,0.425,true_negative,0.11836948095050931,0.1143515874836362,24.19070287964738,10.418241411522446,8.937928489348831,0.0393161136571485,-1.3084398964296766,-0.0815797587109618,0.1486565139601153,-0.6697505392372824,8.937928489348831,13.4303684011401,9.245338831578357,6.260561759262109,7.856196298423989,0.4014472009055477,-0.1182454189752141,24.47280663358761,17.518730489787835,4.276660258700318,0.6094500576673255,0.7476350464173112,2.3617404074121326,5.357155895310643,4.627672419975782,6.2014470084127,3.100706108813335,4.174089184694424,2.5979950023927194,-1.316573486283562,-0.9121460970796388,0.0,0.0,1.0,1.0,1.0,1.0,1.0,1.0,1.0,1.0,0.0,1.0,1.0,0.0,0.0,1.0,1.0,1.0,1.0,1.0,1.0,0.0,0.0,1.0,1.0,1.0,0.0,0.0,0.0,1.0,0.0,False
contributor_neutral_random_forest_tuned,5858,0,0,0.3141935478618125,0.6858064521381875,True,0.425,true_negative,0.11080645213818746,-0.0617349576104248,-0.0831204922380631,-0.0710571689386279,-0.1534791506756851,-0.0664887182030677,3.383283467338536,0.3595266054370033,0.7616228694029711,-0.6697505392372824,-0.1534791506756851,-0.1580470784389542,-0.1930581194529123,-0.2320713915475348,-0.1339253341828995,-0.094444905771715,-0.2113187362365634,-0.091354317587013,-0.0634651446698338,1.3298786934213516,0.9522840472862376,1.081820415308243,1.342369009003406,1.2613723796080931,1.2745952356304922,-0.5383567051862455,0.6665717256942094,3.345494139353482,-0.1421650283128222,-1.316573486283562,-1.8669699259021,0.0,0.0,0.0,0.0,0.0,0.0,1.0,0.0,0.0,1.0,0.0,1.0,1.0,0.0,0.0,0.0,0.0,0.0,0.0,0.0,0.0,1.0,0.0,1.0,1.0,1.0,0.0,0.0,0.0,1.0,0.0,False
contributor_neutral_random_forest_tuned,5911,0,0,0.3184637824862704,0.6815362175137296,True,0.425,true_negative,0.1065362175137296,-0.1002030951540504,-0.1100461267493882,-0.1046916883023581,-0.1534791506756851,-0.0782448106319806,1.1025846099512104,-0.3292896617077477,-0.3928962855088154,-0.6697505392372824,-0.1534791506756851,-0.1580470784389542,-0.1930581194529123,-0.2320713915475348,-0.1339253341828995,-0.094444905771715,-0.2113187362365634,-0.091354317587013,-0.0634651446698338,-0.7749652817779098,0.1922237411416845,0.1020293559038202,-0.3254784422399117,-0.3156577365802952,-0.3768324004907626,-0.5383567051862455,-0.3231424687048246,-0.3064771994698138,-0.1793698407344305,0.7036264577958357,1.31577617017277,0.0,0.0,0.0,0.0,0.0,0.0,0.0,0.0,0.0,0.0,0.0,0.0,0.0,0.0,0.0,0.0,0.0,0.0,0.0,0.0,0.0,0.0,0.0,0.0,1.0,0.0,0.0,0.0,0.0,0.0,0.0,False
contributor_neutral_random_forest_tuned,5695,1,1,0.66808052758993,0.66808052758993,True,0.425,true_positive,0.24308052758992998,-0.1023703141705927,-0.1020412083811564,-0.1025116731584126,-0.1534791506756851,-0.0782448106319806,0.1903050669962801,-0.3079703667776965,-0.3452872481928654,1.1381650268020076,-0.1534791506756851,-0.1580470784389542,-0.0957550581020744,-0.2320713915475348,0.8648398698929615,-0.094444905771715,-0.2113187362365634,-0.091354317587013,-0.0634651446698338,-0.3539964867380575,0.2460426944441905,0.1962446878458511,-1.3118825249109904,0.6222100842815667,0.0321255921003666,-0.5383567051862455,-0.3231424687048246,-0.0697753534349705,2.6481959033078053,-1.316573486283562,-0.5938714874721519,0.0,0.0,0.0,1.0,0.0,1.0,0.0,0.0,0.0,0.0,0.0,0.0,0.0,0.0,0.0,0.0,0.0,0.0,1.0,0.0,0.0,0.0,0.0,1.0,1.0,1.0,0.0,0.0,0.0,0.0,0.0,False
contributor_neutral_random_forest_tuned,5736,1,1,0.6608298298196918,0.6608298298196918,True,0.425,true_positive,0.23582982981969186,0.1197696350249919,-0.0299969430670702,0.0560065708799082,0.0335868501478646,-0.0723667644175241,0.3857935404866223,0.4818587501546783,1.0175214449762022,-0.6697505392372824,0.0335868501478646,0.2416122003721943,0.0015480032487633,-0.2320713915475348,-0.1339253341828995,-0.094444905771715,0.2540478500701829,-0.091354317587013,-0.0634651446698338,2.171816283501056,1.0160762892013688,1.1802265089859003,2.376836917354926,1.893646528287792,2.168240869891964,1.2177126648156034,0.255803221450059,2.432501304647658,-0.6831315537534497,1.208676443815685,-1.3895580114908692,0.0,0.0,1.0,1.0,0.0,0.0,1.0,0.0,1.0,1.0,1.0,1.0,1.0,0.0,0.0,0.0,0.0,0.0,0.0,0.0,0.0,0.0,0.0,1.0,1.0,1.0,0.0,0.0,0.0,1.0,1.0,False
contributor_neutral_random_forest_tuned,5896,0,0,0.3432783164716944,0.6567216835283056,True,0.425,true_negative,0.08172168352830561,-0.0227250153126636,-0.1100461267493882,-0.0601570932189005,-0.1160659505109751,-0.0782448106319806,0.8419333119640875,0.3351616969455162,0.4640663861782838,-0.6697505392372824,-0.1160659505109751,0.04178256096662,-0.1930581194529123,-0.2320713915475348,-0.1339253341828995,-0.094444905771715,-0.1182454189752141,-0.091354317587013,-0.0634651446698338,0.487941103341647,0.9385117332469812,0.9424483510335976,1.7508454938169635,-0.3156577365802952,1.4313605465641648,0.0300068838240637,-0.3231424687048246,2.009819436728295,-1.5362218588486576,1.208676443815685,-0.7530087922758953,0.0,0.0,1.0,0.0,0.0,0.0,0.0,0.0,1.0,0.0,0.0,1.0,1.0,0.0,0.0,0.0,0.0,0.0,0.0,0.0,0.0,0.0,0.0,1.0,1.0,1.0,0.0,0.0,0.0,0.0,1.0,False
contributor_neutral_random_forest_tuned,5826,0,0,0.3475110203032077,0.6524889796967923,True,0.425,true_negative,0.0774889796967923,-0.100744899908186,-0.1100461267493882,-0.1050031190372074,-0.1534791506756851,-0.0782448106319806,1.3632359079383334,-0.3638066154040212,-0.4167008041667904,-0.6697505392372824,-0.1534791506756851,-0.1580470784389542,-0.0957550581020744,-0.2320713915475348,-0.1339253341828995,-0.094444905771715,-0.2113187362365634,-0.091354317587013,-0.0634651446698338,-0.7749652817779098,0.0900249305236428,0.0487151986340579,-0.4622402945223449,-0.3156577365802952,-0.4677815586879967,-0.5383567051862455,-0.3231424687048246,-0.3402917489033628,0.1033867336697932,-0.3064735142438632,0.042677731742822,0.0,0.0,0.0,1.0,0.0,0.0,0.0,0.0,0.0,0.0,0.0,0.0,0.0,0.0,0.0,0.0,0.0,0.0,0.0,0.0,0.0,0.0,0.0,0.0,1.0,0.0,0.0,0.0,0.0,0.0,0.0,False
contributor_neutral_random_forest_tuned,5754,1,1,0.6466624871880046,0.6466624871880046,True,0.425,true_positive,0.22166248718800458,-0.100744899908186,-0.0925808503096097,-0.097528781400823,-0.1160659505109751,-0.0782448106319806,-0.982625773945773,-0.4775095216976278,-0.6130880830950839,-0.6697505392372824,-0.1160659505109751,-0.1580470784389542,-0.1930581194529123,0.948407363145128,-0.1339253341828995,-0.094444905771715,-0.1182454189752141,-0.091354317587013,-0.0634651446698338,0.0669723083017947,-0.6281135613716237,-0.82556280739995,-0.4622402945223449,1.0220766009092217,0.4817894939380838,0.0300068838240637,-0.3231424687048246,-0.0190535292846469,2.209435701646079,1.7137264298355344,0.5200896461540525,0.0,0.0,0.0,0.0,1.0,0.0,0.0,1.0,0.0,1.0,0.0,0.0,0.0,0.0,0.0,0.0,0.0,0.0,0.0,0.0,0.0,0.0,0.0,1.0,1.0,0.0,0.0,0.0,0.0,0.0,1.0,False
contributor_neutral_random_forest_tuned,5698,0,0,0.364823724972806,0.635176275027194,True,0.425,true_negative,0.06017627502719397,-0.1018285094164572,-0.1100461267493882,-0.1056259805069061,-0.1534791506756851,-0.0782448106319806,-1.2432770719328958,-0.2546721294525684,-0.3274338591993842,-0.6697505392372824,-0.1534791506756851,-0.1580470784389542,-0.1930581194529123,-0.2320713915475348,-0.1339253341828995,-0.094444905771715,-0.2113187362365634,-0.091354317587013,-0.0634651446698338,-0.7749652817779098,0.3591292559194097,0.2280781404386799,-0.8870614097166676,-0.3156577365802952,-0.7070066487240076,-0.5383567051862455,-0.3231424687048246,-0.4079208477704609,1.2344130312866872,-0.8115235002637127,-1.5486953162946129,0.0,0.0,0.0,0.0,0.0,0.0,0.0,0.0,0.0,0.0,0.0,0.0,0.0,0.0,0.0,0.0,0.0,0.0,0.0,0.0,0.0,0.0,0.0,0.0,1.0,1.0,0.0,0.0,0.0,0.0,0.0,False
contributor_neutral_random_forest_tuned,5777,1,1,0.6283181548113228,0.6283181548113228,True,0.425,true_positive,0.20331815481132282,-0.1012867046623216,-0.1107738466010456,-0.1056259805069061,-0.1160659505109751,-0.0782448106319806,1.2980730834415526,-0.4404545567001578,-0.5476256567856528,-0.6697505392372824,-0.1160659505109751,-0.1580470784389542,-0.0957550581020744,-0.2320713915475348,-0.1339253341828995,-0.094444905771715,-0.1182454189752141,-0.091354317587013,-0.0634651446698338,-0.3539964867380575,-0.2667611292118936,-0.3808536193979872,-0.6385569878134462,-0.5625167073768849,-0.7070066487240076,0.0300068838240637,-0.3231424687048246,-0.4586426719207844,-0.1793698407344305,-0.3064735142438632,-0.4347341826684084,0.0,0.0,0.0,1.0,0.0,0.0,0.0,0.0,0.0,0.0,0.0,0.0,0.0,0.0,0.0,0.0,0.0,0.0,0.0,0.0,0.0,0.0,0.0,1.0,1.0,0.0,0.0,0.0,0.0,0.0,0.0,False
contributor_neutral_random_forest_tuned,5702,1,1,0.6231234483703354,0.6231234483703354,True,0.425,true_positive,0.1981234483703354,-0.100744899908186,-0.0860313716446928,-0.0947259047871788,-0.1160659505109751,-0.0782448106319806,0.711607662970526,-0.4186276595098672,-0.4702609711472341,-0.6697505392372824,-0.1160659505109751,0.2416122003721943,-0.1930581194529123,-0.2320713915475348,-0.1339253341828995,-0.094444905771715,-0.1182454189752141,-0.091354317587013,-0.0634651446698338,0.0669723083017947,-0.1359960826765932,-0.0920451022196974,-0.4622402945223449,1.1972258280608008,0.6365848475563388,0.0300068838240637,-0.3231424687048246,0.1331119431663237,2.313352591513329,1.208676443815685,1.4749134749765134,0.0,0.0,1.0,0.0,0.0,0.0,0.0,0.0,1.0,1.0,0.0,0.0,0.0,0.0,0.0,0.0,0.0,0.0,0.0,0.0,0.0,0.0,0.0,1.0,1.0,0.0,0.0,0.0,0.0,0.0,1.0,False
contributor_neutral_random_forest_tuned,5713,0,0,0.3806336132417549,0.6193663867582451,True,0.425,true_negative,0.04436638675824511,26.138317538123456,-0.0372741415836446,15.008419012467067,6.992442080783914,-0.0606106719886112,-2.090393790391045,-0.0815797587109618,0.1486565139601153,-0.6697505392372824,6.992442080783914,-0.1580470784389542,0.5853663713537902,1.538646740491459,2.862370278044683,18.15438461995156,-0.2113187362365634,0.0203009594637806,6.142015667491696,3.855691463660465,0.6094500576673255,0.7476350464173112,5.299907032866423,1.8372331327310176,4.841219237214903,5.867032593236592,0.9851885307800714,8.03831957792821,-1.5842390118687792,0.1985764717759862,1.4749134749765134,0.0,0.0,0.0,1.0,1.0,1.0,1.0,1.0,0.0,1.0,0.0,1.0,1.0,0.0,0.0,1.0,1.0,1.0,1.0,1.0,1.0,0.0,0.0,1.0,1.0,1.0,1.0,0.0,0.0,1.0,0.0,False
contributor_neutral_random_forest_tuned,6013,1,1,0.6156231715804097,0.6156231715804097,True,0.425,true_positive,0.1906231715804097,-0.0991194856457793,-0.1107738466010456,-0.1043802575675087,-0.1160659505109751,-0.0782448106319806,1.0374217854544296,-0.4663422719723629,-0.5952346941016027,-0.6697505392372824,-0.1160659505109751,-0.1580470784389542,-0.0957550581020744,-0.2320713915475348,-0.1339253341828995,-0.094444905771715,-0.1182454189752141,-0.091354317587013,-0.0634651446698338,-0.7749652817779098,-0.4885432900752032,-0.6683045161966304,-0.1192588761762082,-0.5625167073768849,-0.2980486561328784,0.0300068838240637,-0.3231424687048246,-0.3910135730536864,-0.9872457676036408,1.208676443815685,-1.5486953162946129,0.0,0.0,0.0,1.0,0.0,0.0,0.0,0.0,0.0,0.0,0.0,0.0,0.0,0.0,0.0,0.0,0.0,0.0,0.0,0.0,0.0,0.0,0.0,0.0,1.0,0.0,0.0,0.0,0.0,0.0,1.0,False
contributor_neutral_random_forest_tuned,5874,0,0,0.4009929561026433,0.5990070438973567,True,0.425,true_negative,0.024007043897356695,-0.100744899908186,-0.1093184068977308,-0.1046916883023581,-0.1534791506756851,-0.0782448106319806,0.3206307159898416,-0.3922323419774228,-0.4464564524892591,-0.6697505392372824,-0.1534791506756851,-0.1580470784389542,-0.0957550581020744,-0.2320713915475348,-0.1339253341828995,-0.094444905771715,-0.2113187362365634,-0.091354317587013,-0.0634651446698338,-0.7749652817779098,-0.0140697400410088,-0.0253776642935042,-0.4622402945223449,-0.1405085094287159,-0.3768324004907626,-0.5383567051862455,-0.3231424687048246,-0.3064771994698138,0.5275215952761285,-1.316573486283562,-1.2304207066871258,0.0,0.0,0.0,1.0,0.0,0.0,0.0,0.0,0.0,0.0,0.0,0.0,0.0,0.0,0.0,0.0,0.0,0.0,0.0,0.0,0.0,0.0,0.0,0.0,1.0,0.0,0.0,0.0,0.0,0.0,0.0,False
contributor_neutral_random_forest_tuned,5945,1,1,0.58205580524665,0.58205580524665,True,0.425,true_positive,0.15705580524665003,-0.0747382717096785,-0.1049520877877861,-0.087874428620493,-0.0038263500168453,-0.0782448106319806,-0.5916488269650886,-0.358730592801628,-0.4047985448378028,-0.6697505392372824,-0.0038263500168453,-0.1580470784389542,-0.1930581194529123,2.7191254951841213,-0.1339253341828995,0.0047335155637375,0.0679012155474843,-0.091354317587013,-0.0634651446698338,0.487941103341647,0.1064724231477705,0.0759648519962177,1.10978463324772,0.4173559837117559,0.9004998022487098,1.0016308568302243,-0.3231424687048246,-0.1035899028685195,-0.9569504203460452,1.7137264298355344,1.6340507797802568,0.0,0.0,0.0,0.0,1.0,0.0,0.0,1.0,0.0,0.0,1.0,0.0,0.0,0.0,0.0,1.0,0.0,0.0,0.0,0.0,0.0,0.0,0.0,1.0,1.0,0.0,0.0,0.0,0.0,0.0,1.0,False
contributor_neutral_random_forest_tuned,5811,0,0,0.4247571822206283,0.5752428177793716,True,0.425,true_negative,0.00024281777937168458,-0.0980358761375082,-0.1100461267493882,-0.1034459653629607,-0.0038263500168453,-0.0782448106319806,-0.3309975289779657,0.092020214290884,0.4164573488623339,-0.6697505392372824,-0.0038263500168453,0.04178256096662,-0.1930581194529123,-0.2320713915475348,-0.1339253341828995,-0.094444905771715,0.1609745328088336,-0.091354317587013,-0.0634651446698338,0.0669723083017947,0.7741634973237697,0.9168021228871154,0.0347685492840984,-0.3156577365802952,-0.1101604236420761,1.0016308568302243,-0.3231424687048246,-0.4417353972040099,-0.7448829895428775,0.1985764717759862,-1.2304207066871258,0.0,0.0,1.0,0.0,0.0,0.0,0.0,0.0,1.0,0.0,1.0,0.0,0.0,0.0,0.0,0.0,0.0,0.0,0.0,0.0,0.0,0.0,0.0,1.0,1.0,1.0,0.0,0.0,0.0,0.0,0.0,False
contributor_neutral_random_forest_tuned,5962,1,1,0.4272234907630553,0.5727765092369447,True,0.425,true_positive,0.0022234907630553358,-0.1023703141705927,-0.0962194495678969,-0.1000202272796178,-0.1534791506756851,-0.0782448106319806,-0.8523001249522115,-0.369897842526893,-0.4286030634957778,-0.6697505392372824,-0.1534791506756851,0.04178256096662,-0.1930581194529123,-0.2320713915475348,-0.1339253341828995,-0.094444905771715,-0.2113187362365634,-0.091354317587013,-0.0634651446698338,0.0669723083017947,0.0695223910457526,0.0201674632456278,-1.3118825249109904,0.8973917959291581,0.298797568949053,-0.5383567051862455,-0.3231424687048246,0.2007410420334217,2.6481959033078053,-0.8115235002637127,0.042677731742822,0.0,0.0,1.0,0.0,0.0,0.0,0.0,0.0,1.0,1.0,0.0,0.0,0.0,0.0,0.0,0.0,0.0,0.0,0.0,0.0,0.0,0.0,0.0,1.0,1.0,0.0,0.0,0.0,0.0,0.0,0.0,False
contributor_neutral_random_forest_tuned,5798,1,1,0.5718918594916389,0.5718918594916389,True,0.425,true_positive,0.1468918594916389,-0.0909924143337457,-0.1115015664527031,-0.1000202272796178,-0.1534791506756851,-0.0782448106319806,-0.3961603534747464,-0.5044124414903116,-0.6547459907465402,1.1381650268020076,-0.1534791506756851,-0.1580470784389542,-0.0957550581020744,-0.2320713915475348,0.8648398698929615,-0.094444905771715,-0.2113187362365634,-0.091354317587013,-0.0634651446698338,-0.3539964867380575,-1.416346798736402,-1.547211032808428,0.5825781884513304,-0.9845249053250535,0.298797568949053,-0.5383567051862455,-0.3231424687048246,0.2007410420334217,-1.5931527127555485,-1.316573486283562,0.8383642557615394,0.0,0.0,0.0,1.0,0.0,1.0,0.0,0.0,0.0,0.0,0.0,0.0,0.0,0.0,0.0,0.0,0.0,0.0,1.0,0.0,0.0,0.0,0.0,1.0,1.0,0.0,0.0,0.0,0.0,0.0,0.0,False
contributor_neutral_random_forest_tuned,5742,1,1,0.5666641779802466,0.5666641779802466,True,0.425,true_positive,0.1416641779802466,-0.0991194856457793,-0.1056798076394436,-0.1022002424235633,-0.1534791506756851,-0.0782448106319806,0.3857935404866223,-0.2709154017802265,-0.261971432889953,1.1381650268020076,-0.1534791506756851,-0.1580470784389542,-0.0957550581020744,-0.2320713915475348,-0.1339253341828995,-0.094444905771715,-0.2113187362365634,-0.091354317587013,-0.0634651446698338,-0.3539964867380575,0.3273695627130733,0.3321701530237894,-0.1192588761762082,0.3532094321644635,0.0728315013469546,-0.5383567051862455,-0.3231424687048246,-0.0359608040014214,0.8304750678520821,-0.3064735142438632,0.8383642557615394,0.0,0.0,0.0,1.0,0.0,0.0,0.0,0.0,0.0,0.0,0.0,0.0,0.0,0.0,0.0,0.0,0.0,0.0,0.0,0.0,0.0,0.0,0.0,1.0,1.0,1.0,0.0,0.0,0.0,0.0,0.0,False
contributor_neutral_random_forest_tuned,5797,1,1,0.5516288613269525,0.5516288613269525,True,0.425,true_positive,0.12662886132695256,-0.0942432428585592,-0.094764009864582,-0.0947259047871788,-0.0786527503462652,-0.0782448106319806,0.1903050669962801,-0.3374112978715768,-0.3095804702059029,-0.6697505392372824,-0.0786527503462652,0.04178256096662,-0.0957550581020744,-0.2320713915475348,-0.1339253341828995,-0.094444905771715,-0.0251721017138649,-0.091354317587013,-0.0634651446698338,0.0669723083017947,0.1700413830614111,0.2583058464922705,0.3874019358663007,0.9503668572642114,0.6365848475563388,0.4332672678199153,-0.3231424687048246,-0.0810468699128202,0.9739793443354288,-1.316573486283562,0.5200896461540525,0.0,0.0,1.0,1.0,0.0,0.0,0.0,0.0,1.0,1.0,0.0,0.0,0.0,0.0,0.0,0.0,0.0,0.0,0.0,0.0,0.0,0.0,0.0,1.0,1.0,1.0,0.0,0.0,0.0,0.0,0.0,False
contributor_neutral_random_forest_tuned,5674,1,1,0.5363228045404224,0.5363228045404224,True,0.425,true_positive,0.11132280454042237,-0.0996612903999149,-0.1107738466010456,-0.1046916883023581,-0.1160659505109751,-0.0782448106319806,0.5161191894801839,-0.2135563463731838,-0.0536818946326719,1.1381650268020076,-0.1160659505109751,-0.1580470784389542,-0.0957550581020744,-0.2320713915475348,-0.1339253341828995,-0.094444905771715,-0.1182454189752141,-0.091354317587013,-0.0634651446698338,-0.3539964867380575,0.4313015092641368,0.5780901639839344,-0.2137358726191234,-0.5625167073768849,-0.3768324004907626,0.0300068838240637,-0.3231424687048246,-0.4079208477704609,-0.8862612767449896,0.1985764717759862,-1.5486953162946129,0.0,0.0,0.0,1.0,0.0,0.0,0.0,0.0,0.0,0.0,0.0,0.0,0.0,0.0,0.0,0.0,0.0,0.0,0.0,0.0,0.0,0.0,0.0,1.0,1.0,1.0,0.0,0.0,0.0,0.0,0.0,False
contributor_neutral_random_forest_tuned,5829,1,1,0.4699194141835158,0.5300805858164842,True,0.425,true_positive,0.044919414183515805,-0.0996612903999149,-0.1078629671944159,-0.1034459653629607,-0.1160659505109751,-0.0723667644175241,-0.982625773945773,-0.4957832030662432,-0.6309414720885652,-0.6697505392372824,-0.1160659505109751,-0.1580470784389542,0.0015480032487633,-0.2320713915475348,-0.1339253341828995,-0.094444905771715,-0.1182454189752141,-0.091354317587013,-0.0634651446698338,-0.3539964867380575,-1.0106372506437291,-1.0393498957928322,-0.2137358726191234,0.1063504613678735,-0.1101604236420761,0.0300068838240637,0.255803221450059,-0.3402917489033628,0.5275215952761285,-0.8115235002637127,-0.9121460970796388,0.0,0.0,0.0,1.0,0.0,0.0,1.0,0.0,0.0,0.0,0.0,0.0,0.0,0.0,0.0,0.0,0.0,0.0,0.0,0.0,0.0,0.0,0.0,1.0,1.0,0.0,0.0,0.0,0.0,1.0,0.0,False
contributor_neutral_random_forest_tuned,5723,1,1,0.5284349830141234,0.5284349830141234,True,0.425,true_positive,0.1034349830141234,-0.1018285094164572,-0.1107738466010456,-0.1059374112417555,-0.1534791506756851,-0.0782448106319806,0.5812820139769646,-0.1272639621325002,0.0117805316767592,1.1381650268020076,-0.1534791506756851,-0.1580470784389542,-0.0957550581020744,-0.2320713915475348,-0.1339253341828995,-0.094444905771715,-0.2113187362365634,-0.091354317587013,-0.0634651446698338,-0.3539964867380575,0.5548808503199731,0.6383534850387454,-0.8870614097166676,-0.5625167073768849,-0.8767395512791257,-0.5383567051862455,-0.3231424687048246,-0.4417353972040099,0.5275215952761285,0.1985764717759862,0.3609523413503089,0.0,0.0,0.0,1.0,0.0,0.0,0.0,0.0,0.0,0.0,0.0,0.0,0.0,0.0,0.0,0.0,0.0,0.0,0.0,0.0,0.0,0.0,0.0,1.0,1.0,1.0,0.0,0.0,0.0,0.0,0.0,False
contributor_neutral_random_forest_tuned,5827,1,1,0.5245982949271746,0.5245982949271746,True,0.425,true_positive,0.09959829492717459,-0.0996612903999149,-0.1093184068977308,-0.1040688268326594,-0.1534791506756851,-0.0723667644175241,0.3206307159898416,-0.2318300277417991,-0.1965090065805218,1.1381650268020076,-0.1534791506756851,-0.1580470784389542,-0.0957550581020744,-0.2320713915475348,-0.1339253341828995,-0.094444905771715,-0.2113187362365634,-0.091354317587013,-0.0634651446698338,0.0669723083017947,0.4005419764772094,0.4208318727806146,-0.2137358726191234,-0.1405085094287159,-0.2285564686519853,-0.5383567051862455,0.255803221450059,-0.2388481006027157,-0.0026469817317906,0.1985764717759862,-0.9121460970796388,0.0,0.0,0.0,1.0,0.0,0.0,1.0,0.0,0.0,0.0,0.0,0.0,0.0,0.0,0.0,0.0,0.0,0.0,0.0,0.0,0.0,0.0,0.0,1.0,1.0,1.0,0.0,0.0,0.0,1.0,0.0,False
contributor_neutral_random_forest_tuned,5727,1,1,0.4812525792309955,0.5187474207690045,True,0.425,true_positive,0.056252579230995525,0.9140554045877414,0.2771008343323677,0.6439877982754877,0.7070244531126436,-0.0782448106319806,-2.0252309658942647,-0.0856405767928763,0.249825718256509,-0.6697505392372824,0.7070244531126436,-0.1580470784389542,-0.1930581194529123,4.489843627223115,-0.1339253341828995,0.0047335155637375,0.5332678018542306,1.4718195611240992,-0.0634651446698338,2.592785078540908,0.6048404784109188,0.8172669411519898,3.307712740924392,2.8403021202218075,3.069890513044126,3.0021013229857645,-0.3231424687048246,2.8861798428811083,-0.6533684135946228,-1.316573486283562,-2.026107230705843,0.0,0.0,0.0,0.0,1.0,0.0,0.0,1.0,0.0,1.0,1.0,1.0,1.0,0.0,0.0,1.0,1.0,0.0,0.0,1.0,0.0,0.0,0.0,1.0,1.0,1.0,1.0,0.0,0.0,0.0,0.0,False
contributor_neutral_random_forest_tuned,5757,1,1,0.5129405848563101,0.5129405848563101,True,0.425,true_positive,0.08794058485631012,-0.0974940713833726,-0.1093184068977308,-0.102823103893262,0.1458264506419944,-0.0782448106319806,-1.8949053169007035,-0.492229987244568,-0.6190392127595777,-0.6697505392372824,0.1458264506419944,-0.1580470784389542,0.6826694327046281,-0.2320713915475348,-0.1339253341828995,0.2030903582346426,-0.0251721017138649,0.2436115135653681,-0.0634651446698338,0.9089098983814992,-0.908890377242354,-0.888714756413583,0.0993426729544111,-0.1405085094287159,-0.0115982350708011,1.71768429540284,-0.3231424687048246,-0.4642784301597092,-0.5328155587397099,-1.316573486283562,1.31577617017277,0.0,0.0,0.0,1.0,0.0,0.0,0.0,0.0,0.0,0.0,0.0,0.0,0.0,0.0,0.0,1.0,1.0,1.0,0.0,1.0,0.0,0.0,0.0,1.0,1.0,0.0,1.0,0.0,0.0,0.0,0.0,False
contributor_neutral_random_forest_tuned,5808,1,1,0.4908948488971886,0.5091051511028114,True,0.425,true_positive,0.06589484889718861,-0.1018285094164572,-0.1107738466010456,-0.1059374112417555,-0.1534791506756851,-0.0782448106319806,0.3206307159898416,-0.4089832165653203,-0.4405053228247653,-0.6697505392372824,-0.1534791506756851,-0.1580470784389542,-0.1930581194529123,-0.2320713915475348,-0.1339253341828995,-0.094444905771715,-0.2113187362365634,-0.091354317587013,-0.0634651446698338,-0.3539964867380575,-0.0878210972712314,-0.0098082398017858,-0.8870614097166676,-0.5625167073768849,-0.8767395512791257,-0.5383567051862455,-0.3231424687048246,-0.4417353972040099,0.5275215952761285,1.208676443815685,0.5200896461540525,0.0,0.0,0.0,0.0,0.0,0.0,0.0,0.0,0.0,0.0,0.0,0.0,0.0,0.0,0.0,0.0,0.0,0.0,0.0,0.0,0.0,0.0,0.0,1.0,1.0,0.0,0.0,0.0,0.0,0.0,1.0,False
