validation_rank,threshold,accuracy,balanced_accuracy,precision,recall,f1,roc_auc,average_precision,log_loss,brier_score,true_negative,false_positive,false_negative,true_positive,predicted_positive_count,predicted_negative_count,candidate_id,model_family,training_accuracy,training_balanced_accuracy,training_roc_auc,roc_auc_gap,balanced_accuracy_gap,overfitting_warning,parameters,absolute_distance_from_half,selected_for_locking
1,0.75,0.9047619047619048,0.8814814814814815,0.9230769230769231,0.8,0.8571428571428571,0.8691358024691358,0.7575139588080765,0.5618041223543189,0.14093061413118516,26,1,3,12,13,29,logistic_candidate_07,logistic_regression,0.9272727272727272,0.8777676675765848,0.9626933575978163,0.09355755512868047,-0.003713813904896779,False,"{'C': 10.0, 'class_weight': 'balanced', 'solver': 'liblinear', 'max_iter': 3000, 'random_state': 42}",0.25,True
2,0.7,0.8571428571428571,0.8444444444444444,0.8,0.8,0.8,0.854320987654321,0.8057110210051386,0.5446471048729313,0.15930704187798814,24,3,3,12,15,27,logistic_candidate_06,logistic_regression,0.9,0.8586593873218077,0.9486401779395409,0.09431919028521996,0.014214942877363246,False,"{'C': 3.0, 'class_weight': 'balanced', 'solver': 'liblinear', 'max_iter': 3000, 'random_state': 42}",0.19999999999999996,False
3,0.55,0.8333333333333334,0.825925925925926,0.75,0.8,0.7741935483870968,0.8395061728395062,0.7846460366068209,0.5313685879058403,0.161435778193271,23,4,3,12,16,26,logistic_candidate_05,logistic_regression,0.8863636363636364,0.8728642199979779,0.9272065514103731,0.08770037857086688,0.04693829407205197,False,"{'C': 1.0, 'class_weight': 'balanced', 'solver': 'liblinear', 'max_iter': 3000, 'random_state': 42}",0.050000000000000044,False
4,0.55,0.8333333333333334,0.8111111111111111,0.7857142857142857,0.7333333333333333,0.7586206896551724,0.8271604938271604,0.7343385113911429,0.48762310708083284,0.1567937342240314,24,3,4,11,14,28,random_forest_candidate_04,random_forest,0.9545454545454546,0.9396420988777676,0.9906986149024366,0.1635381210752762,0.1285309877666565,False,"{'n_estimators': 800, 'max_depth': 12, 'min_samples_split': 6, 'min_samples_leaf': 3, 'max_features': 0.4, 'max_samples': 0.85, 'class_weight': 'balanced_subsample', 'bootstrap': True, 'random_state': 42, 'n_jobs': -1}",0.050000000000000044,False
5,0.575,0.8095238095238095,0.8074074074074074,0.7058823529411765,0.8,0.75,0.8148148148148149,0.6760516085221968,0.5314505909044742,0.17190973120470396,22,5,3,12,17,25,logistic_candidate_04,logistic_regression,0.8590909090909091,0.8395005560610656,0.9043574967141846,0.08954268189936976,0.0320931486536582,False,"{'C': 0.3, 'class_weight': 'balanced', 'solver': 'liblinear', 'max_iter': 3000, 'random_state': 42}",0.07499999999999996,False
6,0.575,0.8333333333333334,0.7962962962962963,0.8333333333333334,0.6666666666666666,0.7407407407407407,0.8222222222222223,0.7249602467249525,0.5122834335282901,0.16537975219323667,25,2,5,10,12,30,random_forest_candidate_01,random_forest,0.9,0.872914771003943,0.9524820543928825,0.13025983217066017,0.07661847470764671,False,"{'n_estimators': 600, 'max_depth': 6, 'min_samples_split': 10, 'min_samples_leaf': 4, 'max_features': 'sqrt', 'max_samples': 0.8, 'class_weight': 'balanced_subsample', 'bootstrap': True, 'random_state': 42, 'n_jobs': -1}",0.07499999999999996,False
7,0.525,0.8333333333333334,0.7962962962962963,0.8333333333333334,0.6666666666666666,0.7407407407407407,0.8197530864197532,0.7193427433133316,0.4994425950098053,0.16101012838043335,25,2,5,10,12,30,random_forest_candidate_02,random_forest,0.9318181818181818,0.9237185319987868,0.9765443332322313,0.15679124681247814,0.12742223570249056,False,"{'n_estimators': 800, 'max_depth': 8, 'min_samples_split': 8, 'min_samples_leaf': 3, 'max_features': 'sqrt', 'max_samples': 0.85, 'class_weight': 'balanced_subsample', 'bootstrap': True, 'random_state': 42, 'n_jobs': -1}",0.025000000000000022,False
8,0.525,0.8333333333333334,0.7962962962962963,0.8333333333333334,0.6666666666666666,0.7407407407407407,0.8148148148148149,0.7078394753394753,0.4983454934214217,0.16039932065633875,25,2,5,10,12,30,random_forest_candidate_03,random_forest,0.9227272727272727,0.9030937215650592,0.9793751895662723,0.16456037475145746,0.1067974252687629,False,"{'n_estimators': 1000, 'max_depth': 10, 'min_samples_split': 8, 'min_samples_leaf': 3, 'max_features': 'sqrt', 'max_samples': 0.85, 'class_weight': 'balanced_subsample', 'bootstrap': True, 'random_state': 42, 'n_jobs': -1}",0.025000000000000022,False
9,0.575,0.8095238095238095,0.7925925925925925,0.7333333333333333,0.7333333333333333,0.7333333333333333,0.8148148148148149,0.7025724996251312,0.4964329655656794,0.16130084614626797,23,4,4,11,15,27,random_forest_candidate_05,random_forest,0.9136363636363637,0.891972500252755,0.9713881306237995,0.1565733158089846,0.09937990766016247,False,"{'n_estimators': 1000, 'max_depth': 8, 'min_samples_split': 10, 'min_samples_leaf': 5, 'max_features': 0.5, 'max_samples': 0.9, 'class_weight': 'balanced_subsample', 'bootstrap': True, 'random_state': 42, 'n_jobs': -1}",0.07499999999999996,False
10,0.5,0.7857142857142857,0.788888888888889,0.6666666666666666,0.8,0.7272727272727273,0.7728395061728395,0.5632134717134717,0.5505120408117934,0.1858538649491248,21,6,3,12,18,24,logistic_candidate_03,logistic_regression,0.8227272727272728,0.818774643615408,0.8770599534930744,0.10422044732023494,0.029885754726518998,False,"{'C': 0.1, 'class_weight': 'balanced', 'solver': 'liblinear', 'max_iter': 3000, 'random_state': 42}",0.0,False
11,0.45,0.7380952380952381,0.7814814814814814,0.5833333333333334,0.9333333333333333,0.717948717948718,0.7530864197530864,0.5286302263068988,0.6185189904566175,0.21282720318201237,17,10,1,14,24,18,logistic_candidate_01,logistic_regression,0.5954545454545455,0.6880497421898696,0.7956728338893944,0.042586414136307926,-0.09343173929161186,False,"{'C': 0.01, 'class_weight': 'balanced', 'solver': 'liblinear', 'max_iter': 3000, 'random_state': 42}",0.04999999999999999,False
12,0.55,0.8095238095238095,0.7777777777777777,0.7692307692307693,0.6666666666666666,0.7142857142857143,0.8148148148148149,0.7180521866048182,0.5159521515960013,0.1674865655626287,24,3,5,10,13,29,random_forest_candidate_06,random_forest,0.9,0.8824183601253666,0.9503589121423516,0.1355440973275367,0.10464058234758888,False,"{'n_estimators': 1200, 'max_depth': None, 'min_samples_split': 12, 'min_samples_leaf': 5, 'max_features': 'sqrt', 'max_samples': 0.8, 'class_weight': 'balanced_subsample', 'bootstrap': True, 'random_state': 42, 'n_jobs': -1}",0.050000000000000044,False
13,0.475,0.7619047619047619,0.7703703703703704,0.631578947368421,0.8,0.7058823529411765,0.7604938271604939,0.5409539805104484,0.5818817053584132,0.19843735189621242,20,7,3,12,19,23,logistic_candidate_02,logistic_regression,0.7090909090909091,0.7391568092205034,0.8334849863512284,0.07299115919073451,-0.031213561149866953,False,"{'C': 0.03, 'class_weight': 'balanced', 'solver': 'liblinear', 'max_iter': 3000, 'random_state': 42}",0.025000000000000022,False
14,0.55,0.7619047619047619,0.7555555555555555,0.6470588235294118,0.7333333333333333,0.6875,0.745679012345679,0.6979926252847145,0.6185831681543502,0.21527903296693685,21,6,4,11,17,25,hist_gradient_boosting_candidate_06,hist_gradient_boosting,0.8136363636363636,0.8076534223031038,0.8952583156404812,0.14957930329480218,0.05209786674754824,False,"{'learning_rate': 0.03, 'max_iter': 450, 'max_leaf_nodes': 15, 'max_depth': 6, 'min_samples_leaf': 30, 'l2_regularization': 5.0, 'early_stopping': True, 'validation_fraction': 0.15, 'n_iter_no_change': 30, 'random_state': 42}",0.050000000000000044,False
15,0.325,0.6904761904761905,0.7444444444444445,0.5384615384615384,0.9333333333333333,0.6829268292682927,0.7567901234567901,0.6014635310223545,0.5659382576077009,0.191990895311586,15,12,1,14,26,16,hist_gradient_boosting_candidate_02,hist_gradient_boosting,0.7,0.7850571226367404,0.9321099989889798,0.17531987553218975,0.04061267819229597,False,"{'learning_rate': 0.03, 'max_iter': 350, 'max_leaf_nodes': 31, 'max_depth': 5, 'min_samples_leaf': 20, 'l2_regularization': 3.0, 'early_stopping': True, 'validation_fraction': 0.15, 'n_iter_no_change': 30, 'random_state': 42}",0.175,False
16,0.275,0.6904761904761905,0.7444444444444445,0.5384615384615384,0.9333333333333333,0.6829268292682927,0.7543209876543211,0.592108324825043,0.5544744424146097,0.1888287329688809,15,12,1,14,26,16,hist_gradient_boosting_candidate_01,hist_gradient_boosting,0.6681818181818182,0.7675159235668789,0.9389849358002225,0.18466394814590137,0.023071479122434457,False,"{'learning_rate': 0.03, 'max_iter': 250, 'max_leaf_nodes': 15, 'max_depth': 4, 'min_samples_leaf': 20, 'l2_regularization': 2.0, 'early_stopping': True, 'validation_fraction': 0.15, 'n_iter_no_change': 30, 'random_state': 42}",0.22499999999999998,False
17,0.3,0.6904761904761905,0.7444444444444445,0.5384615384615384,0.9333333333333333,0.6829268292682927,0.7518518518518519,0.6178127373715608,0.5591648454115559,0.18982184094948523,15,12,1,14,26,16,hist_gradient_boosting_candidate_03,hist_gradient_boosting,0.6954545454545454,0.7818724092609443,0.9383783237286423,0.1865264718767904,0.03742796481649979,False,"{'learning_rate': 0.05, 'max_iter': 250, 'max_leaf_nodes': 15, 'max_depth': 5, 'min_samples_leaf': 20, 'l2_regularization': 3.0, 'early_stopping': True, 'validation_fraction': 0.15, 'n_iter_no_change': 30, 'random_state': 42}",0.2,False
18,0.45,0.7142857142857143,0.7185185185185186,0.5789473684210527,0.7333333333333333,0.6470588235294118,0.7469135802469136,0.7023024265184457,0.5792692139071147,0.19923647074783649,19,8,4,11,19,23,hist_gradient_boosting_candidate_04,hist_gradient_boosting,0.8318181818181818,0.8631584268526944,0.9442927914265494,0.19737921117963586,0.14463990833417584,False,"{'learning_rate': 0.04, 'max_iter': 350, 'max_leaf_nodes': 31, 'max_depth': 6, 'min_samples_leaf': 25, 'l2_regularization': 4.0, 'early_stopping': True, 'validation_fraction': 0.15, 'n_iter_no_change': 30, 'random_state': 42}",0.04999999999999999,False
19,0.425,0.6904761904761905,0.7148148148148148,0.5454545454545454,0.8,0.6486486486486487,0.7296296296296296,0.6604777820218997,0.6029000218235505,0.2095854010174399,17,10,3,12,22,20,hist_gradient_boosting_candidate_05,hist_gradient_boosting,0.8227272727272728,0.856789000101102,0.9473258517844505,0.21769622215482087,0.14197418528628725,True,"{'learning_rate': 0.06, 'max_iter': 250, 'max_leaf_nodes': 31, 'max_depth': 5, 'min_samples_leaf': 25, 'l2_regularization': 5.0, 'early_stopping': True, 'validation_fraction': 0.15, 'n_iter_no_change': 30, 'random_state': 42}",0.07500000000000001,False
